That’s awesome news! Welcome to the family!	0
It’s been good, made me able to function much much better. 	0
Hahaha good point!	0
lol..You're not getting [NAME] or any of the young core..	0
I had a feeling...crazy what that guy can do to his body.	0
I'm glad you liked it :D	0
Happy birthday!	0
So glad I moved here.	0
Cheers, I enjoyed your announcers. Sucks we don't get to play again until next year	0
Happy birthday, [NAME]! Hope you have a wonderful day!	0
I'm happy to go without but if it's readily available then everyday.	0
Roses - still gives me goosebumps till this day	0
But that jumper looks hella cosy	0
Ooh, that's interesting info actually (*heads to capfriendly to check how many years until [NAME] is a UFA*)	0
I would think I was in a horror movie and lock the doors. Lol	0
Glad to see you guys are treating him well	0
Lmfao. Tax refunds. Must be nice to get one of those.	0
*The Daily Wire.* Lol.	0
That's crazy. Glad you got your money back though!	0
I'm glad you can relate. I'm glad in a really alienated, empty way. But glad, still. Probably.	0
"""Except for """"fighting liberalism"""". Happy cake day."""	0
As someone who is dairy intolerant (milk is in _everything _!!) this veganuary is awesome :D	0
Me too! So pumped! Enjoy the game, bud!	0
I made my own sauce for chicken dishes this week, I am happy, LGD	0
NICE... TO.... MEET YOU... OW!	0
Just for recreational use? Glad you are having a change of mind though	0
Coincidence..only 2 hours ago I opened a roll of US quarters Ive had for a few months..16 regular pcs...and 24 states quarters. 24..quite happy.	0
Wow i've sat like all of those	0
my favorite moment in the history of the show is when he thrashed that woman.	0
Grats man. I hit my second live one today coincidentally! Feels good :)	0
Me, for example. I am very very happy.	0
She looks almost devoid of color. Kinda like a manga. Amazing.	0
Hell, I'm saving your Reply. Enjoy being the first in my list!	0
Punchy is Life <3	0
Your passion for [NAME] literally put a big smile on my face. Stay wavy!	0
my parents got engaged in the courtyard of [NAME] back in the 70s	0
And happy cake day.	0
Happy new years!!!!	0
I am so glad they didn't have this attendance in my day, skipping class would be impossible.	0
I bought milk and honey for its cover. ended up loving it anyway.	0
Ayee it made it ! Enjoy	0
If you’re going to be a psycho you might as well smile and make it look like you’re a happy one.	0
And they lived happily ever after.	0
My wife enjoys marking me. We just make sure they are below the collar line.	0
I can't tell you how happy I am that [NAME] and [NAME] are Polynesian Sauce guys.	0
Day one of new job official duties on the books. I survived! One day down, 35 years to go... :]	0
*Hey just noticed..* it's your **2nd Cakeday** slumbishop! ^(hug)	0
... Still laughed!	0
Stotts raising Nurk's usage rate is making me a happy fan	0
Haha, then i am in... :)	0
I’m glad I’m not the only one who thought that.	0
I think someone else should open a drive through so I can enjoy the flavours without the dishes aha	0
Honestly- live your life as a person who can love what others hate- because that’s just a little more joy in your life versus their hate.	0
I am glad your okay.	0
I was expecting this to go MUCH worse than it did and I’m so glad my imagination wasn’t right.	0
Happy New Year to you, too!	0
Happy little lies.	0
You're a sealion and a leftist troll. Begone, and enjoy your ban.	0
Yeah my girlfriend hates it when I joke about her weight. She needs to lighten up too	0
Cray to the crazy	0
It's all fun and games until your crush turns into a spaceship.	0
4! The sweetest year.	0
So happy to see [NAME] regaining his form... we had to sacrifice [NAME] for it, but i’m okay with that...	0
But, it entertains you.... in some way. Thats the point dude.	0
That’s my luck. Lol	0
Doing a happy dance! Yay!	0
I bet you’re really fun at parties.	0
Luckily I don’t like beer so I don’t have to worry about that.. but my love for bread more than makes up for that!	0
I'm so glad [NAME] finally got her visa, she's going to do awesome living in the USA!!!!	0
Have fun in the farmer's league.	0
Happy for you!	0
I loved [NAME] as a little kid but I wanted jean's powers but I couldn't stand how goodie goodie her and [NAME] were.	0
I'm on the receiving end of a breakup, and i'm not handling it well. So cheers from Germany!	0
This is the first time I’ve ever been reposted. I’m honored	0
Tears of happiness rolls down the eyes	0
I love how all these suspects greet [NAME] like an old friend.	0
happy cake day.	0
I rate [NAME] highly, so this is good news.	0
You seem fun	0
Oh my goodness, I'm so glad you were there too. You made his day suck a little less. 	0
Boiled peanuts are my happy food.	0
Welcome back, [NAME]	0
Right now I'm listening to Stand By Me, I'm liking it 	0
[NAME] damn, that is the kind of biting commentary I enjoy.	0
No kidding. Pretty sure my husband enjoys it as much as I do.	0
You’re welcome! It’ll absolutely be worth it. And it’ll be fun! :D	0
I’m glad things are coming to light, I pray justice is served for the victims. 	0
lol @ the dude lying down in the hut at 2:12	0
I'd be happy with a Goff win too. And you can't hate Brees. Rams vs. Chargers would be perfect. final score 72-70.	0
I didn’t say for how long I’d been in it. :) Maybe it was made of ply board and garbage!	0
glad you made the trip from a fellow austinite	0
I’d gladly	0
I got to see some fish at a science museum not long ago and it really brightened my day, too.	0
I like the earthquake that occurs after she falls. Glad the cameraman got that on video.	0
The app trio is the only thing worthwhile there. Won ton tacos +boneless wings + spinach dip and I'm a happy camper.	0
She’s just not that into you, that’s what I think. You need to find an HL girlfriend and go have fun. 	0
How could you ever get bored of place that is getting more and more enjoyable as you are there	0
Oh boy you’re in for a treat. Make sure you visit Austin if you move	0
Glad to hear it's ubiquitous and not an OS thing.	0
I'd be more than happy to indulge this toothache.	0
No need to apologize. It definitely put things in perspective. I’m just glad your DD ended up ok.	0
I would never tell anyone stick is better than pad, but speaking personally, it's way more fun	0
because it's fun	0
Welp these were my happy tears of the days. :’)	0
Hear, hear. I'm just lucky my career field is relatively un-fuckerized. Truer words have never been spoken.	0
I haven't heard that name in SO LONG. They had this GBA game that was one of my favorite games of all time!	0
I love how a few words can turn a post from believable bragging to complete bullshit.	0
Oh my goodness it's like a happy little cloud! What breed is it? Either way, omg enjoy petting that super soft puppy coat for me! 	0
I very happy with my character. I took my sweet ass time picking one that I liked.	0
Glad your boss backed you up	0
saved... i'll enjoy this video	0
The only clown that make me laugh.	0
Tbh as a [NAME] this sort of news make me happy.	0
I definitely expected unwatchable pro-life drama and was quite delighted	0
Yesterday I remembered that this game existed and was happy that I waited and didn't buy into a game that would be dead in a month.	0
Pity because I enjoyed Max Normal.	0
Other than some wacky pick up orders, the dine-in customers are very sweet at my place. It’s a good thing :)	0
I’m so glad I have my own car	0
I'm just happy I have the Pen to watch and listen too when the Steelers are on the brink of collapsing...PLUS no locker room drama...	0
Nae bother, Happy to bring musical joy in to any household.....	0
Pleasure!:)	0
I usually see tweets like this for girls but it feels nice to have it directed at boys	0
I am very happy with play music. please tell me this is a lie	0
All fair enough, but you should start just cleaning your dishes straight after you use them. You'll be much happier.	0
Buying Bitcoin at it's peak is the equivalent of people buy Fyre festival tickets. I'm glad I did neither	0
And it seems, just genuinely nice, hilarious, and passionate about her work. I hope she gets more of an edit from now on!	0
"""Not one single figure anywhere to be seen. Reminds me of auld Soviet propaganda. """"The harvest is up"""" """"People happier than ever"""""""	0
[NAME], [NAME], [NAME], and [NAME] all at top tier make me happy	0
Let us celebrate with a glass of kerbango.	0
The rams seem pretty happy with [NAME].	0
Welcome to the hype train. hahhaha	0
I freakin’ love doing this, too!!! Makes me happy for a second or two!	0
I'm so happy for you !	0
This meme describes how I feel about 2018 pretty accurately. Cheers to a golden 2019!	0
I'm so glad you weren't physically hurt	0
Here's my [NAME]. and [NAME] in front of our tree :)	0
Enjoy a weekend of eating ice cream 100% guilt free. (That's standard practice for wisdom teeth still, right?)	0
[NAME] is a happy boi!!	0
Then enjoy your shutdown!	0
Yes, that was indeed the joke, I’m glad you got it ;)	0
Everyday for the last year and a half has been very hard and I should be glad she's gone. I'm almost there.	0
So glad to hear that! you go girl<3	0
Or at least a couple more visits to the booth. I enjoyed hearing him adding to the banter.	0
in the words of [NAME]: As big as you're gonna get, so enjoy it. Had to give you a career to destroy it 	0
I enjoyed this TED talk.	0
I'm glad none of you are GM	0
This is something I try to do every day and it makes me feel so at peace	0
I wasn’t a fan of theirs on the show, but I am very happy for them both and wish them the best of luck in life 	0
Let people enjoy things	0
Cancel as soon as you can it’s far more enjoyable!!!!	0
You're so cool.	0
Ditto this. Happy hour after work is nice and low-commitment.	0
Very happy with this !	0
Funny enough, I'm a Braves fan from CT whose main football team is the saints... So I don't like this post one bit. 	0
Yeah, the big thing I'm glad is he hasn't ballooned up. 	0
This story puts me in the mood for a jolly rancher	0
Damn, you just reminded me how good that feels...	0
That should be fun. I may have call in sick tomorrow. Lots of Bournemouth fans including my boss.	0
All good brother	0
Well glad she got out of the situation safely. I would much rather NOT have to investigate and know someone is safe.	0
Might be an unpopular opinion but I actually enjoyed the faster ruck speed. Spewing they didn't stay strong and stick to their guns	0
That dog was so happy I thought he was gonna start flying like tails the fox in sonic	0
HEY! NO OC IN r/ComedyCemetery	0
i am. This means i will move from MTN to VODACOM. and i only roam!! Wow	0
A joke is subjective pal, second of all you need to mature/grow up and get a taste of the real world before giving your political opinions.	0
Cheers!!	0
Hmm I thought I was playing the game for fun and excitement and unlocking skins was just an added bonus	0
Phoenix sunrises and sunsets have been nice the past week with all the clouds and rain - beautiful shot!	0
They all clapped.	0
WOW I love this photo so much! Is this recent?	0
Enjoyed pulling moves, if you can find it. Was a comedy very Belfast centric though. 	0
Mate just go out and get yourself a steak dinner, you will enjoy it much more than Artifact.	0
On this blessed day, we are all KQLY.	0
Where did you get those tunnels? I love them and would like some myself!	0
I loved it so much more than I thought I would! [NAME] does an amazing job with quite a bizarre concept!	0
I'm so happy that this worked for you! Go forth, and have unashamed sex in my honour.	0
Happy Cake day!	0
I am so happy that sub exists	0
Omg I’d happily live in Cape Town instead of the US!! It’s literally one of my favorite cities on earth!!	0
That would be the greatest night ever!	0
CUE THE MUSIC!!!	0
When [NAME] like “should we have an alien baby” and [NAME] looked SO happy 😂💛	0
This inspiring.	0
That blows. Glad you're doing better.	0
This makes me smile!	0
Ha ha ha. That was a good one	0
I once got flowers from a girl... idk why but it just feels good	0
Yes my man	0
Happy birthday!	0
Lol. Well, I enjoyed our heart to heart either way 	0
Happy cake day [NAME]	0
I'm just happy anybody's talking to me. I'll listen again :-)	0
I'm not really interested in collecting them but I do enjoy watching videos of people who restore old hotwheels.	0
I amlooking to adopt from there! This makes me happy!	0
I use to play with colored pencils as a child, I also use to play with chapsticks and lipsticks too! They are very entertaining!	0
I turned the news on around 6 this morning and have never been so happy to have a commute of 4 miles to my job	0
Funny how it do	0
I'm two weeks in, hope your right, I'm loving the game right now	0
I enjoyed hardcore mode much, much more than regular mode in BF4. More realistic	0
Congratulations fellow lobster!!	0
Ah yes. Recursion. The backbone of Marxist theory. Glad you brought it up, chap	0
Hell yeah. Enjoy your new bachelor life son!	0
No problem. Glad you were able to take something away from that.	0
Just cleared normal mode! I'm having a lot of fun xD	0
She has at least 12 elbows and all of them are happy. You get it gurl	0
my favourite kind of cookies.	0
Yeaaahhh... *blushes*	0
Now it's cheering for the two to come back	0
This is about as close as I can get to singing IRL. It's fun.	0
That logo looks cool in the morning lol almost cyperpunk	0
Try it sometime man. You may just enjoy it	0
Congratulations, go for a beer and watch a Leaf game on Saturday! HNIC.	0
Glad you found it!	0
I enjoyed the effort from your dad so I must downvote but I want the subreddit to see this so I’ll upvote	0
I hope that the talk goes ok. Though with these justno's it may not. I'm glad that you are prepared if it goes south.	0
[NAME] Wednesday’s 😎 Good to know he’s enjoying the retirement life. 	0
Hard to describe, but I get a more relaxed sleep with cbd.	0
:-) Lunch with the wife on a weekday is such a special treat, even when one is under the weather.	0
I read this place obsessively and didn't see it, so I'm enjoying it and upvoting it anyway	0
This literally made my day!	0
3h late comment. have fun at school !	0
Luckiest I’ve been is getting the toy I actually wanted from a McDonald’s happy meal.	0
I also love this decline in bch prices. Cheers.	0
OHHHH, I like where Richmond is going with that.	0
Congrats to you	0
Well it was just an educated shot in the dark but glad to help 😊	0
That was honestly my first thought I’m so glad someone else went there too	0
Hope you had fun atleast; it's amazing to see up close in person compared to the camera.	0
happy early birthday OP! have fun !	0
Happy New year!	0
A bit of storybook now and again never hurt anyone :D So happy for the both of you!	0
So happy for you, enjoy 	0
Hugs hugs hugs. So many big hugs and good vibes. That's the only thing I know how to say right now.	0
Glad to see I'm not the only one with that bug. Maybe someone will report it some day.	0
Oh what a day! What a lovely day!	0
*Hey just noticed..* it's your **8th Cakeday** jama211! ^(hug)	0
oh! I have more ships this time! Niice!	0
I was a little pissed off until I watched this loop 6 times. Now I'm happy! Weee!	0
literally exactly my thoughts on this!!! also happy cake day!!	0
The double fist bump made me smile, her happiness was contagious	0
Omg the etsy side hustle. I have time to do that, and it fulfills me so much	0
This makes me so happy for you ♥️ I am glad you are getting the right kind of support you need!	0
It's not a murder or a cringe. Just seems like two friends joking around.	0
I love how the dog is just happy the cat is giving him attention.	0
I'm also enjoying it I like mixing the colors the most.	0
I'm happy to hear all that.	0
Luckily my wages are rising faster to compensate. Oh wait...	0
Hello! Happy new years my friend!	0
"""Yeah he was going like """"YOOOO"""" and his boy was like yo chill man tf this aint no club keep yo voice down lmao"""	0
Gratzy-Gratzy. You have a brought a great joy to this old Italian stereotype.	0
Just think of the awesome stories though!	0
Glad he didn’t try to backpedal about his feelings. They are valid and he has a right to have them.	0
No I’m happy to spend big on myself. I’m not happy to spend my money on layabout benefits claimants.	0
Just what I need; a video of my commute to work so I can enjoy the experience in my free time.	0
We're in it... and now [NAME] is going to the bench? Gotta good feeling!	0
Made my day	0
I am so blessed to be a lesbian.	0
I'm just glad they'll chill out in the main sub, they were swarmin.	0
There's having fun and being a hoe, OP seem to assume what she is, so ni worries for her. 	0
This helped me when I was in my worst mental state. I'm glad	0
Go on a group vacation!! Or a concert weekend that’d be fun!	0
Funny. He said the same thing to me. I don’t even have a daughter.	0
Maybe try to do some little thing you really used to enjoy. Even if it's just for 5 mins it's still a small victory.	0
Lucky, when I did it my nickname ended up being [NAME]	0
The best feeling ever was when class was over and it never got to your turn, so you didnt have to present until the next day	0
That's a cool dino	0
That face in 0:18. That's the face of happiness	0
I like to be scared actually!	0
It makes me feel good. Wholesome is a very subjective thing.	0
Yes! I play both, because I like the combat of one and everything else in the other.	0
Seeing this makes me happy. I hope this is true :)	0
Hey if any are left, I'd like to happily donate!	0
glad she;'s back inside, tragic what shes doing to this dude and his family they r the ones picking up the tab. 	0
I do enjoy my lawn. 😁	0
Wrong on so many levels. Just sit back and watch it implode. It will hurt at first, but guarantee, you will have the last laugh. 	0
She is smiling in the picture and, to add insult to injury, seems pregnant in the video.... 	0
Because you deserve to live and be happy	0
It's cool and fun and a nice change of pace but I want my hidden blades back next game.	0
Well fuck. Just glad to get the point outta that	0
I prefer console and most of my friends play cod. I still enjoy gbs every year	0
I'm glad to see when people succeed! I'm very happy for ya and life is going uphill which is always a great sign	0
I am interested if still available. This would be way more fun then my smith center season!	0
Happy cake day :)	0
And I'm happy we all agree it's deathcore.	0
Finally something nice	0
I’d go back to the 1996 season. That’s the last time we were in crazy cold territory.	0
A beautiful poem for a beautiful thing. Happy cake day btw!	0
Wow so glad [NAME] is getting it done quicker. Better for later in tourney	0
Yep first to go crying to the government but happy to bully single mums on the benefit	0
I’m so happy for them. I hope he drowns in a puddle of bacon grease.	0
We did it guys! We’re the real heroes!	0
[NAME] was only OP when it came out. [NAME] was OP for so long. I'm still happy they finally did something to her.	0
I really enjoy my job but I get paid $62k I don't know if that's considered high paying but it's plenty for me.	0
Glad your nights going well guys	0
Ah man, so many memories of those skits	0
Yes - sometimes I see amazingly detailed little faces. It's so weird.	0
I'm happy however those two don't get a ring. Would be overjoyed if it was at the hands of [NAME], [NAME], and [NAME].	0
It happened and I'm very happy	0
Well, my upcoming adverts are going to be interesting!	0
Happy cakeday your username is fun	0
Hahah you right. Please don't tell any birds!	0
I’m also glad I’m not the only one that swears a lot at the bastard objects.	0
Nah, some cake sniffers were enjoying the books way before.	0
I would be unfulfilled and unhappy. I enjoy meat, thankfully I own my own plot of land and can hunt on it at will.	0
I'm always happy to have you in my box.	0
That looks like a fun group	0
I'm glad for that. Once that check comes in, I only have about $3000 to work with.	0
Ate too much “hot chips”	0
This is my favorite wild memory	0
So PST it is. Glad we agree.	0
> busy blasting stuff with plasma Sound like more fun.	0
Happy cake day brother!	0
I fucking love New Years day with the Hawks playing in the Winter Classic	0
Yeah I'm glad he got caught. What a piece of crap.well at least he won't be a virgin in jail anymore haha	0
I was just joking...	0
You'd think people who have this high an opinion of themselves would be more open to taking advice on how to beat certain matchups. Enjoy being a scrub.	0
Im so glad I grew up killing infants at hospitals instead of being on my nokia	0
I'm so glad you got your angel back. Also she is trying to monopolize DHs free time.	0
Here, here. Cheers to starting fresh!	0
the good ol days	0
I got $10 on Anzac Day as the guy won money and 2 x $5 tips that’s all.	0
it’s what i would have wanted if i was a parent so yeah i’m glad i did something	0
The fact [NAME] met her at the airport should tell you all you need to know about why they did it. What a farce.	0
Swordfish is my go to gun. Used my first unlock token it given how much I enjoyed it.	0
I lived across the street from it as a child. Used to swim in it as a kid...Ignorance is bliss.	0
Happy cake day friend	0
The [NAME] are all laughing at each other. They are divided. We need to strike them down while they are weak.	0
He's been cheered for years now.	0
This makes me happy. Happy new year everyone	0
I cheered for the Superbowl to be canceled	0
Marlboro picked up [NAME] and are phasing out the njoys.	0
"""""""A lion never stretches before it hunts."""" ... Glad to see he's already on board with Green Bays injury first mindset. """	0
It's so goddamn funny.	0
Feels good bruh	0
Lol! I’m glad you feel lucky because you are! Could you imagine dealing with the continuous flipping back and forth between desire and guilt? 😬	0
Happy to help	0
OK sweaty, have fun in ur collapsing Union while I'm restoring the Empire xoxx	0
I skipped the Oilers game for a birthday party for a cat. I’m glad I did that instead.	0
I prefer having the TV in the background more than music. Music is something I enjoy in the car or walking in the city.	0
Which totally makes it less funny for a person like me who has never seen this before, and laughed. 	0
Crossposting is a terrific feature on Reddit. I'm happy if someone does it to me because it means more people will read one of my posts.	0
Oh, sweet. It's the gaming guy who hasn't uploaded any gaming videos yet! /s (I like him and am just poking fun)	0
I actually really like it the way it is now! The pink sky with only a few clouds is different and very cool.	0
And then you got a little vacation from work too! :D	0
Its fun to draw in an empty space.	0
It's always nice to tell someone a pleasant story before they go to sleep.	0
I fucking love this GIF so much.	0
He probably enjoyed it so much with his frat brothers that he's willing to buck his own party for good weed.	0
I'm not your buddy, friend. Btw, enjoy the rumble you nice dude. 	0
I'm glad to see I'm not the only one who snorted at it!	0
Just got back from Orlando to Chicago yesterday. I have a good feeling about this one!	0
You don't need to escape to have fun, if you want to win just get some friends to play with.	0
No problem! Happy to help :)	0
"""Its actually """"[NAME]"""" , not """"[NAME]"""".. Sounds like a drunk to me. Glad to hear nothing horrible happened """	0
Sooooo happy for you.	0
Enjoying it. It makes shaving my head easier.	0
Happy one week anniversary	0
This is a really lovely ends to a crappy means. I’m glad you enjoyed yourself and got something out of it.	0
Happy to help!	0
[NAME] has a fun instagram	0
I will happily convert to [RELIGION] if I can quit my job and have unlimited food. Please tell me how to accomplish this	0
I was so happy for cowboy	0
This is hilarious	0
It was funny until they started to diss on chick fil a	0
I, too, am a lot of fun at parties. We can stand together in the corner! 	0
Let me just say that your posts over the past twelve days have brought me so much joy	0
You can get so much money from hunting. Fishing is probably the best method if you’re grinding but I actually enjoy hunting	0
"""*""""Wow""""*"""	0
Once a week. It was a semi expensive seafood place, but it also had a poppin sports bar/happy hour vibe. An interesting place for sure 	0
I’m glad	0
FIDLAR dropped their new album today (yesterday?). It is certainly...different. But I'm enjoying it all the same	0
I like how they roll	0
I visited NYC 2 summers ago and I have the same exact feeling as you do. Glad you liked the city just as much as I did!	0
It's already the 2nd here, but happy new years! 🎉	0
Pleased to meet you. Hope you guess my name.	0
I'm happy for you and myself.	0
see im on here having fun meming on all yall basement dwellers, stay salty 	0
Dude, you made my day. 	0
So can relate. Hot to the point I hated feeling good because it wouldn't last. Might as well enjoy the moment!	0
I think I’d take the long view - the good news is that at least she’s not pregnant...	0
The Button was amazingly fun. By far my favourite reddit memory.	0
the sky, living a happy and amazing life in the clouds.	0
Haha yeah, apparently their ringleader just got banned on Twitter. 	0
My life is complete	0
You just made me so happy.	0
Wow. Good thing [NAME] are known for having ample savings since our country treats the average worker so well.	0
The fact that the passenger gives a thumbs up drives me crazy	0
"""Oh like """"both of."""" Gotcha. Good times"""	0
Nice-full circle! Leaving [NAME] for dust- I love it.	0
So so happy, more than you believe 	0
You too. Glad to hear your respectful voice again	0
Happiness is not earned, it is a choice that can be made once your basic needs are met.	0
"""""""We should be happy that we moved from 4th to 5th"""""""	0
So you lucky you won as you work illegal teach. Glad you leave.	0
What's it matter where this came from? It fits every content guideline and we're enjoying it.	0
Ahhhh fond memories	0
Okay I can see this looking really cool for a festival or photos though 😄	0
It really is. I didn't know a thing about the feud and it caught me off guard how brutal it was. Enjoyed it a lot though.	0
Ya got a good life... *ya got a good life...*	0
Glad she's not living in a bubble then....	0
They usually do hoss, hence the steak and beer hard to be sad with good food. 	1
it sounds like a huge pain in the ass to use compared to current systems in place though.	1
I miss being practically jello as a kid	1
For crying out loud, all they had to do was use the smegging wipers!	1
You've been a sad boi around here for the last week straight, you'd do well to take a break.	1
That's kind of sad to be honest.	1
World has Turned and Left Me Here.	1
How about breaking into tears whenever one of your friends tells you they trust you because you never understood what trust meant	1
I called an ambulance for my friend without knowing it was against her wishes. She never blamed me but I felt really bad about it.	1
This can’t be the end of the back, garbage TV! I’ll miss you!	1
RIP. Sad for his family and the bull riding community.	1
That would be really rough. However she is so incompetent I wouldn’t be surprised if she self immolates	1
Oh man that title hurt my brain.	1
Marginal taxes was taught in my high school economic literacy class, it's so sad that so many people don't even understand the basics of our tax system 	1
They've actually gotten a bit worse :D Started with just a dry cough, now it's pain swallowing, stuffed nose, but the cough is now better	1
And those poor kids are still paying for it. And we have actual grown adults that are bullying them even today.	1
It's hard for me to switch between english and spanish in the same sentence, sorry I'll try to improve in the future	1
I've had such bad memories, I remember when I remember bad times now! Haha	1
As a fellow browns fan, unfortunate enough to be born into a browns family and in ohio... Hello sharer of a lifetime of heartbreak.	1
he’s not happy with me	1
You die > mom will be sad	1
We, the fans, are the losers here.	1
Ok. Progress. Not only I presented more facts, I also asked some questions. Still unanswered, sadly. 	1
Unfortunately not. 😏	1
Gives me [NAME] 2005 bad memories.	1
Yes no one wants to believe my religion and how to make people happy so it makes me sad	1
I feel bad for laughing at this now that the creator of Spongebob passed away a month ago.	1
I can hardly hear you over those goal posts moving! Ahhhh the facts! They hurt! They hurt so bad mama!	1
No, YOU’RE crying!!!!	1
Been scoring big on the Groudons.. caught 4 so far. Edit: no, no shinys yet. I've had the worst luck with shinys in this game	1
Mom will get sad. [NAME] still good. Hanging out with friends still good. Money buying foodie exp is still good.	1
Dude I don’t even know what that guys deal is, but honestly, I feel bad for him	1
I am clueless lately. None of my students parents speak English. It breaks my heart because I want to have more open communication.	1
[NAME] this is so true, sometimes i will remember it like 5 years later and still regret it	1
I kiss the shade all dude. His username was trewdat. I miss that guy.	1
God damn I miss this game!	1
felt that so hard too	1
Your life must be miserable. That's sad somehow	1
Sounds painful man	1
Sadly the same way know people who know people and being in public. Maybe an online game with chat like league or xbox	1
So Green Bay doesn't get him... I'd be sad for the kid.	1
It's sad, but yes, zero. 	1
Actually made me feel worse. Kids are always back there, death would have been guaranteed had they any.	1
I was also bullied at work. I was on lithium for a while. You're not alone.	1
What a cataclysm	1
This really hurts my feelings.	1
The one that is a sentient being; the one that's most affected.	1
That game hurt.	1
I feel your pain 😪 i got scammed $1400 in November. I felt like a dumbass for falling for it too.	1
I'll miss [NAME]	1
Missing this roster 😢😢😢	1
I still miss the north hills bottom dollar :(	1
Makes me sad at how brain damage effects boxers so much	1
That sounds so terrible. I'm very sorry.	1
I feel bad for these guys. I'd like to be able to help ex-mos in trouble.	1
Ooooh that was a missed opportunity	1
It pains me to see [NAME] used in this abhorrent meme	1
He most likely saw you and just didn’t care. Sadly.	1
Yet I still feel lonely doing it...	1
Yep. Seriously painful to read	1
Eesh, really sorry for your loss.	1
Man, this analogy is frighteningly spot on. Makes me sad for the province.	1
It’s really sad to see	1
Welcome to the depressed group	1
Reading this made me clutch my nipples in pain	1
Aaaand everybody got diarrhea. Thanks dummy	1
I am so sorry. My kids are the only thing keeping me going. The loneliness is agony.	1
"""we have a """"righty"""" complaining about """"lefties"""" making up BS, while they make up BS... sad."""	1
It was pretty heart breaking, then the council came out and said they weren't going to collect them. Made a lot of people mad. 	1
Pretty sure I’ve seen this. He swings away with the harness he is wearing. Still looks painful but I think he lives	1
I'm getting old. :/	1
Kid looks like he's about to cry	1
I have endured worse.	1
No he was given a bad team to work with unfortunately, and never got the final shot he deserved :(	1
It’s so sad that i can play all these Zelda games on my 3DS but not my Switch. I have like 12 Zelda games on my 3DS	1
Yes, very sad but that's the reality of competitive online gaming right now	1
Or perhaps we should look at the bigger problem: mental healthcare in the United States.	1
Bad news dude. You're almost 100 years past that.	1
The “sad [NAME]” tops it off	1
"""""""We lost good people on both sides"""""""	1
Eh, loser. It’s sad how some people don’t care about their relatives.	1
That’s too bad, I didn’t know that.	1
What a poor woman who only wanted to tell someone what to do.	1
I feel sorry for her son that must have been super cringe	1
Maybe you were depressed because your place was a mess.	1
Did that with an oven pizza at 3am in my underwear. Got burns all over my stomach	1
True, and so sad to see. Somewhere along the way, the governing of a country my mutual consensus turned into a national sport with 2 teams.	1
I’ve been hurt too many times for it all to have been for nothing	1
I would suffer a heat stroke or die of diarrhea	1
I never used the word mean. Chill. I said weak and it is. Its sad aswell.	1
I remember that one. It was so painful to watch	1
I saw your missing post and hoped you found your baby! I'm sorry for your heartache	1
this makes me miss my girflriend	1
Sounds like a really bad time. Just wait till you have a nice time and place to trip.	1
That's just sad if it's for a game	1
Aquaria just lost her shit when the Cup Toss challenge went awry	1
We had a baby, it's hard to find the time to take them down.	1
Imagine being born in 1987 and not having been invited to a party since your friend's birthday party in 1999 though :(	1
Well they called and said there was a pricing discrepancy and they could not honor it. 😭 sad day.	1
It's harder to find a decent picture of him	1
The left side attack of [NAME] [NAME] was woeful	1
I’m so sorry to hear that! 😂😂😂	1
This is straight up depressing	1
I HAVE EYE PROBLEMS NOW IM REALLY YELLING	1
This mode is dead. Sorry :/	1
I feel bad for house slaves, even if it's in their understandable self-interest. 	1
. The only thing that matters is that [NAME] was murdered and those responsible must pay.	1
Hate to see him go. The only thing I’m complaining about besides this was the hagelin trade back in November. Both hit home	1
Uh . . . Uh . . . I'm not feeling so well.	1
Sad face it is	1
He literally laid in pain on the ground after the fight longer than the loser did	1
That was painful.	1
But something is extremely wrong if people are getting sick. Might not be a sonic wave, but it definitely is *something*	1
I miss him...	1
This hurts to watch	1
Watching Revenge sometimes makes me cry, thinking back to when I tried to memorize that song, and listened to it over and over.	1
Had surgery at 3mnths old to fill a pinhole in my back (spinabifida) Cutting myself after some severe postpartum depression	1
the older i get the more it hurts	1
I am so sorry those kind of people make me sick	1
Go pursue that education. Let [NAME] wallow in her own sadness.	1
BREAKING NEWS: The new girl had to shred/chip a 6lb entire chub of Kentucky Gold ham today. Poor girl's arm ached the rest of the day.	1
That's sad. You can be acquaintances with women. Not like you are driving them to the nail salon or something .	1
Yeah, sorry about that. I see it in so many post I thought it was almost a custom to do so.	1
I read it on NRK as well. Brought tears to my eyes.	1
Wimbledon’s instagram posted about [NAME] and his relationship with the Open and I ended up crying. Not ready for him to hang it up	1
Broke and jealous	1
The fact half the level has no fucking music is a real pain.	1
I swear, this is the most brutal one of this year yet. 	1
I had so many avatars named after Star Wars characters on Millsbury. I miss it 😭😭😭	1
It's probably more like when the only tool you have is a hammer, everything looks like a nail. I'm so sick of this paranoia.	1
Icing on a cake of sadness.	1
This made me incredibly happy and incredibly sad. Sometimes this universe robs us of the wrong people.	1
The part where he carries her to the car had me howling! Poor guy was stumbling with the weight he obviously couldn’t handle	1
Sorry, I’m just so hungry right now 	1
My liver CRIES watching these kids. Weeps into a warm cup of steamed milk.	1
I actually rooted for you guys that Seahawks game, but now I feel the true pain. 	1
No stop. One Red and yellow team had to be sacrificed for the fortunes of the other. I’m sorry	1
At least you get sunny on Netflix, they took it off in Canada :(	1
Things did not go well on Eros Station...	1
Once upon a time I got banned for a whole day because of bad behavior... Oh wait that was all of us...	1
I BELIEVE! I am sad that likely no one else will see it besides me...	1
It's kinda sad knowing that ibises are only scavenging our bins & rubbish due to their natural habitats drying out.	1
Well that was disheartening.	1
I was so hyped after the zach shot, I'm still crying 	1
Fingerprints not [NAME] or [NAME] red is [NAME] don’t just make things up now that is sad !	1
I'll second this notion. One of the first things to go is texting when I start getting sad.	1
Mrs.Frizzle has found herself on hard times.	1
My entire body aches now	1
Oh that’s so sad that she thinks anyone cares about her opinion	1
Cried when [NAME] and [NAME] gave each other a big hug and [NAME] lifted him off the ground.	1
"""But still, crying """"castrate all pedophiles"""" because they could be potential rapists is like crying """"kill all men, they are all potential rapists."""" """	1
Hard to swallow pills. This sub is meh now	1
Well that’s sad. It might’ve been funny if it was fake.	1
Ugh I am in this same place right now. Dating a husband whose wife calls all the shots. I feel for you.	1
I’m actually not! From USA, sadly. 🙃 Edited to add: unless you didn’t mean me, then I apologize! 	1
Yeah, my mom would tell at and hit our family dog. She was a tiny little dog too. :(	1
another one of those chicks sacrificing her children for a man and 'happiness'	1
I was sad when the Hawks lost [NAME] but this Schottenheimer guy seems pretty cool.	1
Sometimes it even feels pathetic which I know I should be trying not to be so hard on myself but, yknow, evidence is hard to ignore	1
Hard to follow after reading his post history. Says he is divorced...	1
you should have asked this question 15 years ago sadly :(	1
I'm so broke that I'd take if you're still looking. I'm a guy though.	1
Since I was a kid I knew I preferred funny, smart, interesting girls to conventionally attractive ones. Really tore me up the feeling wasn't mutual.	1
Devastating to hear of any news like this :(	1
I'm so sad for you, I'm so so sorry. 💔	1
A the_donald poster trying to pass as a human being has to be one of the saddest things I've ever seen.	1
I'm sorry you poop your pants every time someone mixes those words up.	1
So many of Pokimane’s fans are creepy 30+ year olds. I feel so bad for her.	1
Yeah! We should have given him justice by believing in claims with no merit! Yeah. Btw. [NAME] raped me 30 years ago! Get him!	1
Orange fan sad. :(	1
Turns out, that daddys little girl is a thot, who also takes drugs. No wonder she fled her country.	1
But then you regret it because you realize you secretly liked the attention. Just bottom things.	1
Occupation badges are dumb and I’m sad they made the transition to OCP.	1
I tip my invisible hat anytime I drive past this dealership. What an unfortunate surname.	1
Sad because you don't get any women?	1
Please, please, please don't do that to yourself. You'll end feeling worse when this guy leaves you. 	1
> Woo that sadness out Welp, never gonna be able to have a night out on the town again without this coming up	1
Pls not granny :(	1
Nah no one can help me	1
How can you look at that. it hurts.	1
Can we ban posts about him now he's a predator? It just makes me sad now, Idk about anyone else	1
You are one pathetic human being.	1
Totally fair. I would be sad in your situation. :( I hope you find it. You're not wrong to want those things!	1
Good catch. I guess I was just remembering the shift after the first debate. That's pretty sad, tbh. 	1
Sadly no, everything was thrown around the room, and everytime I rebuilt something, it would be annihilated again.	1
And there I was blaming the poor black lads	1
I know and that made me sad!	1
Levels mate. Absolutely obsessed with our dominance.	1
I'm kinda the opposite. I always look dour and sad even when I'm not...	1
Gave ya an upvote but sadly, by reading this thread its not going to help	1
Because ridiculously attractive people also have self esteem issues and depression Guess what honey The world sucks for everyone There’s no escape We will all die in misery and alone	1
sorry this happened to you. id be sad and angry too if i worked hard on something, and someone took that away	1
You know I never thought I'd celebrate someone's death, but once she goes I'm going to have to try very hard to not enjoy it...	1
That's unfortunate for you.	1
I actually want to die rn. I don't want to watch the SB but I know I'm going to.	1
"""I think the saddest thing here is that he thinks """"by-my-self"""" is how to write that."""	1
You know I’m sad the [NAME] hype is over because I actually think he’s been really good for us overall. I still trust him.	1
Living here. Now my daughters biggest aspiration is to leave this place, and I can’t say I blame her. 	1
Will that's what that poor child was just taught. Some parents have no idea	1
Yep. Been there. Watching my baby crying while vomiting and her eyes looking at me so hurt was hard.	1
_warm and fuzzy feelings..._ Damn it, I'm getting all sentimental again...	1
It just so happened that PD, sick kids , and family emergencies all happened to overlap between all my coworkers leaving me all alone. 	1
I really don't think healthy people with no other emotional issues regret having their kids.	1
I just get sad when I see people commenting on articles and videos about him that they think he's on drugs.	1
I mean she’s barely into college so she’s only maybe 18-20 but to be this oblivious is pretty sad.	1
Guys help I can’t stop playing it, my hands are in so much pain!	1
I feel shot in the heart.	1
I might be alone here, but it was probably Blame Game. I don't think I heard a rap song with that much emotional intensity before.	1
Did you hear about that old Italian chef? Sadly, he pasta way.	1
Kinda sad to laugh at people who really need serious help.	1
Sadly this is not a new issue for Ukraine. Please take a moment to remember Babi Yar :(	1
>!This really crushed my soul!<	1
Sadly, it was not	1
That's far from what happened and there is overwhelming evidence to the contrary of the circumstances of her death that it leaves no room for debate really.	1
Oh. That is unfortunate	1
stop hurting my feelings	1
This makes me wanna die	1
Woah... I'm shortsighted and I can get 2 pairs of glasses for €149. $500 is insane!	1
I should have known what awaits behind the oilymama hashtag and yet I searched. Now I’m sad.	1
:o I have one too! I didn't get anything but bullied at school, though.	1
Because learning another language is cultural appropriation. This people are pathetic.	1
I am sorry human being :(	1
I'm crying.	1
Is the Queen movie bad? That makes me sad. I'm still watch it anyway.	1
But it'll hurt	1
Rape kit test from six year old migrant girl revealed DNA from 30 men.	1
yeah. it's like you know something real bad is gonna happen at any time. that's why I never try to get my hopes up too much.	1
It’s one of my worst nightmares to have skin like that...I hope that person gets actual help	1
I'm sad that I gave that shit article a page view.	1
His left hand is mightily fucked.	1
Not only does the overbooking hurt the customers financials and time, but violations like this one put lives in danger.	1
I'm nauseous	1
Sorry for your loss 😣	1
Somebody should make this a smaller video to share it around, this poor kid is going through a lot.	1
You poor poor fellow	1
That was your saddest shortest story yet	1
#QUIT HURTING THE BIRDS	1
I think the unluckiest... is [NAME]. :(	1
I’m not crying.. You’re crying!	1
Sadly it happens randomly and I wouldn't want to lie to someone for money if the thoughts didn't appear.	1
All that interesting information and you get 3 upvotes , feels bad man 	1
Indeed! Oh [NAME], you are in for a horrible life...	1
I’m offended that your offended	1
Better late than never sadly I can see another label scooping him up	1
Could also be an overwhelming guilt in the heat of the moment. Probably hard to stay rational when you realize you've killed your own friend on accident.	1
And unfortunately videos like this act as a constant reminder that most people are complete dumbasses. Sad really.	1
Oops! The lack of free trade caused the death of 20 Million proletariat!	1
I almost feel bad for China.... but the culture has a major problem with having 0 morals.	1
Yeha he failed to qualify unfortnatwly.	1
I'm so sorry. That's awful.	1
Break ups are painful and there’s no way to avoid that. Be honest with your current girl and end it.	1
Otherwise it would be a terrible disservice to the NHL	1
That was so sad. And she kept calling for mommy the whole time. Then they ditched her with grandma.	1
Kid has a disease/condition where his skin falls off at the slightest touch	1
that number 3 is soooo familiar and sad.	1
Sad and very true though. Case in point.	1
I’m sorry to hear this. Live a hell of a life for your mate	1
I miss rock fest 😔	1
you are pathetic.	1
"""""""I suffer from a very sexy learning disability. What do I call it, [NAME]?"""""""	1
Wtf did I just read? That was painful	1
I can't remember a time during my early childhood where I didn't dress up like my mom and almost break my little ankles in her heels	1
Definite Fridge Horror moment for that movie. That poor man.	1
I am 33 and I still regret things I said in the 5th grade.	1
Which is why not only did PR lose but RUP was not the first choice sadly even if it had won in BC :(	1
This stresses me out way too much.	1
Ooooof, that’s annoying. I’m sorry.	1
Sadly I think this is true & maybe this is the incentive adults need to get into action	1
I feel personally attacked. Every time one little thing happens, part of me just collapses inside.	1
Someone will actually spend their money on this too, that’s the sad part	1
I lost a six pack this way once. For a good year every traffic stop became a field sobriety test.	1
I forgot context and thought you meant the band was republican, please don’t worry me like this again 	1
Hooray! ...But I'll still never be able to afford a home.	1
i miss this show so much	1
I’m sorry about your friend.	1
Oh wow, I feel bad for the parents, they had no idea	1
Be adult Pay taxes to govt Be deemed incompetent by people with different views Feels bad	1
This aged poorly	1
No one to blame here, bad luck is what it is.	1
Too late with having it back. I really did'nt have much back then. So I had a really hard time too.	1
I died a little inside watching all of that champagne go to waste.	1
As someone who has been in a similar relationship, it is indeed emotional abuse.	1
Yes I really miss his streams...the ONLY reason I chose adc as my main role was because of how chill chaox was.	1
I wish I could forget. Stop reminding me :(	1
Sadly, I’m younger. 15.	1
That is so sad, just goes to show we have a lot more to learn about the other beings we share this rock with : /	1
The saddest thing is you will never understand how absolutely idiotic what you just said is.	1
This hit way too close to home. I’m suing for emotional damage.	1
I have no friends.	1
You had a tough childhood :(	1
the tears of unfathomable sadness ... mmm yummy!	1
I once looked at the I-95 and was hospitalised for weeks.	1
oops, my bad.	1
How many gallons do we need is my favorite so far. The sad part is that it was always pleasant.	1
Grandmas knees are burning up	1
I'm sorry OP but this is all on you. Your parents played you like a $4000 fiddle.	1
But all this does is hurt the average person not the right way to raise money.	1
French fried when he should have pizza'd and had a bad time.	1
True Story! That's the sad Part of it...	1
"""It saddens me that [NAME] legacy has become """"Posterboy for edgy manchilds"""""""	1
If that mask could talk it would beg someone to end it's suffering.	1
P3 hit me so hard in the feels that every time I hear a song from it or watch anything P3 related, I just burst into tears.	1
He did get 3 stars bro😭	1
I get migraines too and I’m sooo tired the first two days of my period	1
Sold out. Sorry my dude!	1
Right there with you. 20 years together and suddenly its over. I'm tired of crying and hurting. We'll get through this.	1
I'm sorry, no. The hostess was 15. I was 24. At the steakhouse, only hostess girls answered phones.	1
In my few years playing I never knew this ... I feel so lost now	1
I hope [NAME] does get a new devil trigger. I’m sorry but seeing the same one repeatedly has gotten old.	1
Its horrifying to think about getting separated from your family, friends and the culture you were living into somewhere new and unfamiliar just like that	1
That has to be the saddest nba account ever. Like 4 likes every post :(	1
Sad/Sweet for her to put in the effort to fake it!	1
It absolutely is. Sadly, most players seem to only want [NAME] with different aesthetics.	1
>The ABC’s hard-hitting investigation :/ Such a sad article.	1
She must have a very boring life	1
"""Hey its you again. Dude can you please say """"N"""" so I can complete the task? My last request went unanswered sadly."""	1
I remember being three years old and feeling mortified and frustrated that my preschool teacher and classmates were freely dancing to ridiculous music.	1
Even if you think me and him aren't soulmates, youve gotta be pretty sad to think soulmates don't exist. 	1
She haven't tried contacting me in 2 years, i guess she lied. Congrats to me, I won the 'miss you more' game. ):	1
I'm so depressed	1
stop making me cry man	1
For sure...sometimes I feel like I will just evaporate into nothingness as the stranger in the mirror looks on.	1
Bro we got destroyed last time, we’re due for a heartbreaking missed field goal or extremely ill-timed turnover 	1
WHAT. It says due date 12/31/18. Did she have the kid yet? Oh [NAME] I feel so bad for her and that child...... nooooooo	1
you are correct, but now it is over. and i cry	1
My heart is breaking for that little girl.	1
I miss him on our pp	1
Had a baby before, those movements should be the last of your worries	1
Ouch, that hurts, would've won without the injury	1
No it's propaganda we because r/politics only presents info, true or (usually) or otherwise info that is designed to hurts conservatives and help liberals. Propaganda	1
I don't feel alive anymore. I don't feel anything. I'm just numb all over. All I know is I want it to stop	1
I will let my nonexistent child die, thats all right with me!	1
I’m crying omfg	1
correct me if i’m wrong but when [NAME] eliminates [NAME], she technically has a better track record than [NAME]?? i’ll fucking cry	1
Oh, sorry bud. Didnt mean to be rude	1
Sadly the minimum wage in Virginia is only $7.25 an hour so that definitely would not be enough.	1
Yeah, I was very sad to read that!	1
> Then and only then might you receive ~~a tip~~ **whatever change we have leftover from our grand expenses.**” FTFY. Sadly.	1
I'm so sorry that [NAME] has convinced you that his insane aggression isn't important.	1
No, they couldn’t hav- They shouldn’t have. uh...this makes me feel sick 🤕 	1
Still saddened by the fact that we never got to see prime [NAME] vs prime [NAME].	1
[NAME] has broken his brain so bad he’s turning [NAME] into [NAME]	1
came here to find the person who hasn’t seen this movie so i could feel bad for them	1
One day I was really desperate and tried putting warming balms that are intended for sore muscles on my lower tummy and it helps so much!	1
Oh gosh, I'm so sorry you had to deal with that. It sounds like you handled it really well. Kids are cruel. 	1
It’s okay, my mom has always hated me and I’m fine.	1
I actually feel assaulted by this video.	1
Well this all started Wednesday. But I’ve been unhappy with my life for weeks now	1
Doordash pays less than minimum wage, no money even to buy cheesecake from the cheesecake factory after paying rent and Bills 😥	1
I feel terrible for their daughter. I wouldnt want to grow up in between the middle of that.	1
I'm kind of struggling tonight. Bored, lonely... man 	1
I’m sorry. Your city blows.	1
Sadly this is how you get shit fixed	1
That's one of the only times I've ever felt bad for [NAME]. He was relentless and would not let it go!	1
I'm sorry for you... That sounds not cool :'(	1
I'm sorry man sounds bad	1
Wasn't expecting these feels man. I'm so sorry for your loss!	1
"""""""We're sorry, all circuits are busy now due [NAME] lost keys, try your call again"""""""	1
Dude. Same. That would just be... Devastating.	1
Sorry man I don’t really like duck.	1
I must be getting old. Much more likely to be horny at 2 pm.	1
It's been deleted, we can't even see what it was now (unfortunately). 	1
I’m that skinny and have so much trouble gaining weight	1
They hated him, because he told them the truth	1
Alexa play Sad!	1
I can’t stand [NAME] but that was heartbreaking	1
It depresses me that the Carousel revamp has been a popular answer. Thats not a change, that a sliding scale adjustment.	1
Wow. Racists are really coming out of the woodwork to excuse and defend racism. How sad.	1
*All I want is to be left alone* *In my average home* *But why do I always feel* *Like I'm in the Twilight Zone?*	1
That poor kid. That is going to cause some issues for them as well down the road.	1
Nah, substance abuse is sad, period. 	1
That's a really good one too. I am pretty upset to learn how limited my vocabulary is	1
Females living on Recruit difficulty. Smh	1
Sadly they aren't in control. [NAME] is and he'll always do the worst possible thing.	1
I know you can’t read this, but I feel really bad and hope you learn to read soon 	1
That’s sad, although I’m aware they historically haven’t been weaned off of authoritarianism.	1
Grey socks and leather sandals, that hurts me through the screen.	1
I can’t translate /s to Texan speak well and forgot so my apologies y’all :)	1
Pls end me	1
That guy with the orange jacket looks so distraught. Feels bad man.	1
I really felt for this mother. You could tell how frustrated and exasperated she was. Glad she was there to stand up for her kids.	1
This is so true cause I always think “are they just using me for sex?”	1
sadly it is ;-;	1
Poor and lonely.	1
Disclaimer: This is r/television not r/news. Sorry for the mistake.	1
Right... so true. I’m sorry you’re going through this too.	1
I was in the top 3 on solo and lost solely due to buddy having 2 concussions.	1
That is so beautiful. It makes my heart hurt that humans can be cruel to animals when they're aware of having so much emotion.	1
[NAME] THAT HURTS DON'T DO THAT	1
Don't cry for me, Argentina.	1
My grandmother-in-law does this. I’m sorry to anyone in the Va Beach area.	1
[NAME] passing is worse than usual. It's alright, but god damn is it painful to watch.	1
He is warped by porn. He's got a problem	1
Unfortunately, we live in 21st century America, where this kind of behavior ensures that they will both be given high-paying jobs at CNN.	1
 that’s actually sad, feel bad for him :/	1
Sadly, it looks like there are a ton of [NAME] in this sub	1
Sadly the Request a Book of [RELIGION] requires a phone number now. But if you have theirs it might work;	1
I was assaulted by my father once too. Please don’t hate yourself, it was not your fault. It was his doing. 	1
Going through the same thing and I feel the same way. Sadness. I hope it'll pass!	1
Spent time with them. Argue with them. Laugh with them. Cry with them. We all get lonely when we are old.	1
ONLY FUCKING MERRILL WOULD MISS THAT	2
Let them argue. We've never done anything remotely as bad as MOST OF THE WORLD does routinely.	2
If you use one of those two I automatically hate you	2
TRENDY PEOPLE DANCING WITH PRODUCTS	2
How DARE you!	2
"""I thought the army would be like the top image. """"Then why the fuck did you sign up as a [NAME] OP"""""""	2
The only thing I remember about that guy was the super racist remarks he made about [NAME].	2
Fire the ux designers and yes also our beloved [NAME]	2
DONT BE NEEDY. TALK TO OTHER GIRLS.	2
Shame on you	2
Not a single one of these allegations are of Russian collusion. It's more perjury trap nonsense.	2
Weather forecast for Minnesota area. Wednesday -15 to -33. Sunday 43 to 29 and rain. What the fuck?	2
How dare the russian government expose the DNC and its corrupt behavior!!!!!	2
[NAME], what? Why are you even here. Fuck off.	2
Me too. Damn that damsel in distress syndrome	2
How stupid are you, if you dont réalize it’s staged 	2
HOLY MOTHER DUCKER	2
>How do you know I didn't Because you posted this dumbass post. And only someone who didn't would say that	2
If someone has tithed 10% their entire life, fuck off with requests like this.	2
What the fuck who likes cold	2
I wonder why the fuck out of this alive. well, there was a perfectly reasonable explanation.	2
I feel so stupid. I’ve never made the connection between [NAME] refusing to play for SD and [NAME]	2
I'm saying put up or shut up. If you can't back up your point with evidence, your opinion is worthless. 	2
I KILL YOU SCUM	2
Really bad trap if noone falls for it	2
Her Twitter checks also clearly a fucking idiot.	2
Who the hell is that. I only got my account 2 months ago	2
I hate the way [NAME] kisses people. Like smushing his face in a figure 8 on their lips. Ugh	2
Say thos: mom, dad, she's busted. Respect my wishes!	2
It's like 20,000 words about a teenager. Fucking insanity.	2
I hate people who can't *read* Dx	2
Omg [NAME] he’s there because you don’t listen. You ass!	2
Are you implying that I can not determine guilt by seeing a person's skin color and tense smile, you fucking racist?	2
Damn furries. We don't have animal ears!	2
Troll, bro. They know they're saying stupid shit. The motherfucker does nothing but stink up libertarian subs talking shit	2
And what a fuckton of karma it was. It’s fake stories like this that really prove that communism is the far superior economic system.	2
Your belief is literally killing children	2
[NAME], [get_user_id] is a moron.	2
[NAME] is a traitor to this country.	2
Screw DBs swill, their creepy Children of God (cult) employees, and the traffic mess it creates on Rural in Tempe	2
Better than selling our souls for a fucking trophy	2
Fuuuuck. I am so angry that this can even happen.	2
Fuck your husband	2
Fuck that. Anyone who makes a career out of spreading bullshit to morons is worthless trash.	2
I'd argue they are advocating not fighting the fire in your house when the entire neighborhood is engulfed in flames.	2
What an immature response. With a little passive agressive racism to boot. Classy.	2
PEOPLE LIKE THING AGGRESSIVELY BE PROUD OF IGNORANCE	2
How dare you make an attempt to be kind!	2
I hate when people Beijing a gun. Even worse when they Shanghai one.	2
Slap her hand if she is trying to force you to do anything! Tell her not to put her hands on you, and enforce it every time. 	2
Watch out, [NAME]!! [NAME] is right behind you. Oh god oh fuck he can’t hear us, he has AirPods.	2
How dare you hate [NAME]	2
i dunno, you commit one little genocide and you never hear the fucking end of it	2
Shut up [NAME] we’ve had enough of experts	2
You are saying toxic people try to be the victim by calling you toxic.	2
By ranting aimlessly on the internet about it, obviously ;)	2
Kill it with fire.	2
Come back here and fight me m8	2
He acted like such a jerk- why would you want to be friends with someone like that? I would never trust him again.	2
I feel like [NAME] was impossibly bad enough to warrant memes about him. [NAME] is just bad, boring, and too invisible to really hate.	2
“Touch me again and I’ll kill you.” I’m low key blown away that The Last Boy Scout even *made* it to Australia.	2
Do you fucken mind	2
Don't just distance yourself, BLOCK them	2
Hi, female prostitute for sex work here. Can you not with this angry and condescending attitude? Not good camaraderie, comrade.	2
DELETE THAT SCREEN SHOT! NOW!!!	2
You are oddly defensive about a random chef. Did you come to /r/wewantplates just to insult people and build up this chef? [NAME]	2
“I’ll never have a playoff mandate” go fuck yourself [NAME]	2
Technically it’s the abdomen. Stomach and belly are just informal synonyms. That girl is a racist and an idiot.	2
Worse. They told us to mind our own business	2
If [NAME] loses I’ll break my phone, [NAME] is fighting like wilder what the fuck is this comeback	2
How dare you disparage a 3D printed JV riding a goddamn raptor	2
What in the hell are you talking about? I've never said that	2
You told me it was pointless to point it out. You're the idiot	2
It's a photograph with one of our greatest ever defender and captain. What's your problem?	2
[NAME] path made me hate everything associated with pirates	2
What the fuck is The Baffler? I can't even go there at work.	2
Not gonna happen, pure delusion I *aggressively* call this ridiculous bluff	2
They just shot up a mall. They’re complete fucking idiots.	2
[NAME] lives. Obviously you can quote me on that, because i just said it. [NAME] dies. [NAME] dies. Fuck [NAME]. 	2
Drugs are a hell of a drug...	2
I still hate Catcher Eggman!	2
NOO HES SO ANGRY	2
fucking melb transport. I knew it would go to shit today because of the heat wave, and it did. the only bad thing about this city.	2
I do. Am chemist. Stop serving me things that remind me of work, goddamit.	2
You don't go to college to learn. You go to college to have sex with college girls.	2
Wow dude get a life and stop digging through my comments trying to pick a fight like a belligerent moron.	2
WHY THE FUCK IS BAYLESS ISOING	2
[NAME] Just Stop trying you idiot	2
"""""""Talk about vaccines again and your next shot will be from my gun... of crystals bathed in essential oils"""""""	2
WHAT THE FUCK	2
Because majority of moves have stupidly long names. GO INTO ANGEL PUNISHER INTO DIVE BOMB RADIANCE AND FINISH THE JOB WITH PUNISHING LIGHT BLADE	2
Stop lying to me	2
Fuck people that don't like pbr, only cheap bear I'll drink next to natty boh	2
Bloody Peasant!	2
Fuck daesh *	2
U will hate it shortly	2
Tell him he needs to go to rehab or he’ll be kicked out.	2
I dare each or any of you fuckasses to try and blame [NAME] for this one	2
You fucking got this bb, one step at a time. The DD is here for you.	2
You sure are outraged about some people making fun of [NAME]. Gee, that's easy!	2
She looked the wrong way on a one way street. How are you that stupid.	2
People are legitimately monsters.	2
It was stupidmancostume	2
That sucks. Learn to check your ping like everyone else.	2
Windbreakers, we’re supposed to wear them when it’s cold as apparently a joke to keep us warm 🙃 I hate doing drive ups now	2
Correct What the fuck is the AAF is what im asking.	2
Watching this makes me angry.	2
You'll feel better about yourself if you don't act like an asshole to people who care about you.	2
Nah, you’re pretty fucked given the amount of weed you smoke and the fact you’re planning on finishing your 1.5 grams before the test.	2
You get closure by blocking her on your phone and all social media. She dumped you. It's over.	2
Only thing TO know is that this motherfucker is obviously living his best birdy life and good for him. Fly high little buddy, fly high. 	2
DWIGHT, NEVER YELL AT THE CUSTOMERS	2
[NAME] damnit, have your upvote 	2
Exactly hate when people try to spit facts when they don’t know if those facts are even right😂😂	2
No, I don't mind all that much. I just hate being subjected to second hand carcinogens	2
This post fucking sucks because it doesn't cater to my beliefs.	2
I hate to sound like we're in a Santa Monica coffee shop, but keto diets are incredibly effective if you can stick to it	2
Fuck off.	2
Gungrabbers? You act like they're busting in your door and taking your guns. No one is forcing you to do this.	2
There is a special place in hell for drivers like you. I pray to [NAME] there is.	2
Let’s get greedy and take back what is rightfully ours	2
Can't speak for that dude, but I'd say hell yeah they're a hate sub. 	2
Dude, y'all anti American scum don't even believe in science. Fuck off with your generic bullshit because you can't list a specific example. 	2
U dumb.	2
The last thing I want on my team are former Eagles players. Fuck that team, the organization, and the shitty fanbase 	2
"""Each Dark Souls game has been voted """"Most Likely to Result in Controller Damage""""."""	2
Fuck your shitty ass title	2
Yeah it sort of sucks now.	2
You have devoted yourself to this guy and he thinks you would be a bad mom. Fuuuuuuuck this guy. You deserve better.	2
Get out of my head.	2
You die.	2
Thats just dumb, u are stealing from people that just want to live a good life cuz other were unlucky, they were also unlucky by being born.	2
I know a dozen local school administrators. What the hell are you talking about?	2
As The Pot Bro's always say. When the Cops ask you questions. Shut the fuck up.	2
Stupidly stubborn / stubbornly stupid	2
Man this sucks. Hope you’re enjoying life in a big house with lambs!	2
You're right and I hate it.	2
Hmm, I understand your frustration then	2
At least I dont care about any of them.	2
I will kill you all	2
Maybe? I was def too busy going “ohmygawd motherfucking KING SHARK!?! 🦈 “ to notice	2
I hated broccoli until my parents tapped into my obsession with dinosaurs and got me to pretend I was a brontosaurus	2
Stupid sexy squidward	2
"""[NAME]: """"WTF, it's just a prank bro!"""""""	2
Some college professors and their teaching staff may need to die. Oh, wait... saying that is hate speech.	2
I hate watching [NAME] play I can tell before he steps over half when he’s gunna shoot or pass. His BB IQ is atrocious	2
*aggressively tells friend I love them*	2
Damn this is dope	2
Ugh, he sounds like a slob and you should leave him.	2
>lox is optional How dare you put '[NAME]' in your flair! How dare you.. Mods! Mods! Apprehend this impostor!	2
Goddamn it...	2
Because the false accusation makes my anxiety worse	2
Burn it! er uh give it to your priest to burn it!	2
shucci a lil BITCH	2
Never go to the post office. that place is hell. pay commercial plus online and order every material you need.	2
NO I HAVE NOT EVER FIRED MY GUN IN THE AIR AND GONE AAAAGGHHH!	2
The fuck? Come from nothing, now something doesn't matter? 	2
Because he's attractive. Hence [NAME] come out in droves to defend him despite the fact he's a horrid asshole.	2
It makes being ugly even more pathetic. All that work just to create suffering.	2
Don’t be a class traitor	2
I'm from Buenos Aires, and I say kill 'em all!	2
I didn’t like him before this, now I really don’t like him. 	2
Really rude move to do that in the rest room though.	2
This just makes me angry.	2
[NAME] are the liars, we know.	2
I wish I could tell you if it was a good t.v. Let me just find the MOTHERFUCKING REMOTE!!!!!!!!	2
Much more badass than the union suit.	2
YOU SHUT YOUR MOUTH WHEN YOU’RE TALKIN’ TO ME!	2
She must hate her father.	2
He has become that which he swore to destroy!	2
Guys, even worse: He *paid* someone to set it up. Wow. 	2
Oh man. Hardest lesson for me to learn as a new dm was that even with experienced players, combat with 7 PCs is brutally time consuming 	2
You shouldn't force someone to come out you know. Now look at what you did! You killed [NAME]! You bastard!	2
Please explain how this is stupid	2
Who fucking cares. People have sex all the time. You're just an asshole for trying to to profit from it or ruin her.	2
It was fucking in!!	2
PARENTS: VACCINATE YOUR FUCKING KIDS OR THE NEXT NAP THEY TAKE WILL BE IN A COFFIN OMFG	2
**KICK HIS ASS SEABASS**	2
His 2 point shooting has been bad this season atleast he is still staying aggressive	2
Crafty little bastards.	2
Fuck you, that's how	2
22 points in 41 games with a pretty shitty Utica squad, first full year in NA... yeah I don’t want another Dahlen debacle 	2
Shrug. Cant blame anyone other than your parents.	2
Yeeesss...... let the anger flow through you...	2
Stupid democrats!!!!!!!	2
Screaming at this reply	2
Yeah wat a fucking knob right? Fucking nick...	2
Horribly fake. People on that thread are stupid and gullible.	2
WHAT THE HELL IS THAT?!?!?!	2
r/vaxxhappened. Fuck you Jan.	2
I literally, like, hate people like that.	2
"""The biggest argument on your side is depreciate costs. You could challenge their concern of """"getting fooled"""" by getting the car inspected by an independent."""	2
[NAME] what an asshole.	2
"""FUCK OFF THAT""""S A PEN"""	2
[NAME] and his supporters are the dumbest humans in the fucking galaxy. They should be locked up for their own safety.	2
This is infuriating but what’s also infuriating is missing all of our chances and players being constantly in offsides positions	2
Idiots gonna idiot.	2
""">""""Fuck it Im on my way out anyway"""" """"Fuck it Im on my way out to Seattle"""""""	2
Man, she must really hate infertile women. 	2
WHAT?! You dare insult the band of gods?! Typical teen, I hate my own generation! *screams in 16 year old*	2
I hate to be that guy, but there are 6’0” + women	2
Shut up, don’t block the sanctimony train.	2
All good man, I don't get the college football hate I see on here, and I hate the big ten disrespect I see everywhere. 	2
[NAME] from ZoE and [NAME] from TTGL. Actually fuck all that [NAME] from The Big O is where it's at.	2
unrealistic, the little fuck didn't taunt post-kill	2
This guy should go to HELL	2
[NAME] wore shoes and killed millions. For [NAME] like me, people who wear shoes have become a symbol of hatred and murder.	2
YEAH, YOU MOTHERFUCKER	2
I’m definitely leaving him. I have a 0 tolerance for cheating and won’t be staying for it to happen again	2
Take your upvote, you no good bastard.	2
Yes that was abuse.	2
Fuck pancreatic cancer. Kills so many and it barely gets any funding because all the money goes to shit like 'breast cancer awareness'.	2
USE GLOVES YOU MANIAC	2
[NAME] just ripped his jersey. He’s frustrated as hell right now	2
This sub can be so ridiculously cynical. It's just a pretty picture of a sign!	2
I'd understand if it was because of his conduct, but because of money? We're the Yankees, what the fuck man	2
No credit?? This is the brilliant youtube channel You Suck At Cooking	2
Well, it wasnt by 31.... So im still mad.	2
No, this is not polyamory. It's assholery.	2
aww hell no. This fucking ad	2
where’s that tashy bastard	2
DON'T TELL ME HOW TO LIVE MY LIFE.	2
I'm thinking he ment [NAME] but he's still a karma stealing whore.	2
It's rape after they've both consented? You're what's wrong with society today, try to be less of a dipshit going forward.	2
HAHAHAHA I'M AN ASSHOLE	2
Instant fucking turn off, ugh. Fuck us for wanting equality across the spectrum	2
??? Where the hell is this article getting it's data from...	2
Bitch ass n*** [NAME] rooting for [NAME]	2
Damn, I need to find this trade school which lets you make your personal animals	2
Sorry, spelling [NAME] Smearing* Motherfukers* 	2
“How dare you use your breasts for their biological function instead of my enjoyment!”	2
I'm not vegan cause I love animals, I'm vegan cause I hate myself. 	2
And you know they never grow out of that...I hate people. Myself included.	2
You're pointing at me You pointed first I'm signaling that's not pointing Stop pointing at me!	2
It does infuriate me.	2
PayPal is fucking pricey. 500 bucks to Mexico cost me 60$	2
Fuck it, maybe the faceless men worship the great other AND assassinated the fire warlocks in valyria, hwo knows?	2
I was, and it's not. He's mad that someone posts articles he disagrees with. Pathetic and his fury is deranged 	2
SHE DESERVES TO BE TRULY HAPPY. LEAVE HER [NAME].	2
I hate when MoonWolf1-799 is taken.	2
lakers bout to get KAT fucked now	2
It's beyond evil. It is pure demonic when it's that pure sadism and vile sick torture. I hate them guys.	2
Can you freak bitchhhhh	2
She threatened to hurt you, I would file a police report.	2
Holy fucking shit	2
I hated that smug ass lawyer.	2
I'd hardly call them innocent if they're reveling in the thought of more mass shootings. People like that deserve worse, quite frankly.	2
I mean. Wtf is there to do online. GTAO had a shit economy but at least had things to do	2
Yep, hell of a listener	2
3:32 excuse me what the fuck.	2
[NAME]. [NAME] and [NAME] just style on these scrubs with fucking mecha Tai Chi.	2
That was a hell of a tip, that happens	2
If men were that aggressive we’d be arrested and then slammed publicly and socially. Lives ruined for a moment of drunken stupor.	2
Why the fuck would you go for pizza, subs or pork rolls in texas?	2
You monster! Think of the children!	2
This is dank what the hell	2
*youve doomed us all, evacuate the continent immediately*	2
""">The Charisma Myth"""" It's bullshit too."""	2
Damn that’s a big F from me :(	2
Yes, is there any way we can do this? Cos fuck that POS.	2
The only thing keeping me warm in this subzero temperature is my fucking hate for [NAME].	2
He's transcended fuck-you-money to fuck-me-money territory	2
Agreed. Everything she did was bad. She didn't anything good at all. Edit: Grammar.	2
:( bastards	2
He's a hypocrite like everyone else in his family and party.	2
[NAME] fucking [NAME] please no	2
The orange man angers me and I do not like him.	2
I hate text speak . Do you really want to dumb down your argument more than you need to?	2
Fuck. That.	2
Unfriend this kid in all ways possible. Sucks for both of you, but this could be much worse. 	2
Don't you even dare try to put any blame on [NAME]	2
How dare you disrespect [NAME].	2
Vanity is a sin, [NAME] wants us to hate our bodies	2
This will either be a classic or a complete shitshow	2
Oh go fuck yourself with your BS generalization.	2
Should of just stabbed her up tbh why let someone steal from you	2
Why are you so angry?	2
>more money than you I seriously, *seriously* doubt that. >doing something before this guys are outta the country Prove it.	2
I WILL NOT OBEY THAT ORDER, GENERAL! 	2
Ya i hate to talk bad about don’t but they should get the sticks out of their butts and make smarter decisions for their community	2
whats it like being this stupid?	2
The children are still being abused, neglected and treated like rubbish. White Australian policy has been horrific and continues to be horrific.	2
They killed me [NAME]. They killed me with schlock	2
Yes please. Take the cheeto too, fuck it.	2
"""I figured this story would end with her screaming, """"I DON'T CARE WHO YOU ARE... THIS IS A CAR.. TAKE ME HOME!!!"""""""	2
What the fuck is [NAME] doing in the background	2
Same pigs who bombed a mosque full of kids learning Quran. In Shaa'Allah those terrorists will burn in hell	2
Fuck me daddy	2
You people are awful. Those are *Haggisus Australis*. They're a protected species!	2
[NAME]? He's an absolute fool. If we need a coach to destroy our organization from top to bottom, he's the man.	2
Fuck it; just marry everyone	2
Shouldn't have insulted chungus like that, if I see you in the fog you gon get facecamped	2
Angry old men raise their canes when angry. Raising Cane's is a fast food chicken finger chain.	2
You’re an animal, and you deserve all the shame/repercussions you get.	2
Goddamn right!	2
She isn't disrespectful like [NAME] but she's also a cheater and she's making ridiculous excuses for her cheating	2
Hate those ~~things~~ Tweets.	2
My name is [NAME]. You killed my father, prepare to die.	2
But I hate trannies and feminsts owo	2
FUCKING DIN!!!	2
So why did [NAME] leave? They were predictable and mostly tolerable. Three wings is absolutely intolerable. I hate him.	2
>hasn't been any form of arrested development Well fuck	2
Fuck no i wanna kill the living shit out of [NAME]	2
After reading a lot of replies you should bee ashamed of yourself. This thread is a hive of bad puns and references.	2
The state should kill them yes, you seem to have a very low IQ and can’t grasp [RELIGION]. No wonder you took up Reddit Atheism	2
[NAME] is bae, how dare you.	2
[NAME] damn it	2
Stupid science bitch	2
yesterday was a fucking travesty to the game of basketball	2
When I was her age I had 3 jobs... oh you have like 18... get off my lawn!	2
😡this was a scam	2
what an idiot	2
Don't you fucken do it	2
Well damn.	2
yes, i fucking hate that.	2
If it's Fttn, then not much, maybe worse, because it's still using that shitty old rusted copper running through that same old leaky pit	2
This is a test, now YOU have to give away that gold. Your donor was a cruel benefactor. 	2
Is the wooosh on us cause there’s no fuckin wooosh to begin with or	2
They’re so angry!	2
EMAO fats (Eat my ass off)	2
STOP GETTING FACTS FROM [NAME] AND THE CORRUPT STATE ..lol	2
Y so serious	2
I hate his hoist a shit shot and throw your legs forward so you can draw a foul on the defender for crowding your landing space.	2
Get the fuck out	2
[NAME], that fucking sucks.	2
Show me where jokes about (real) murdered children was acceptable in the past.	2
"""""""Sigh"""" I thought you were better than this I thought we were over this but no you just had to do it """"Upvotes angrily"""""""	2
What the hell is going on at Getty Images?	2
Fuck, my wife and I spent less than a *fifth* of that. Wow. 	2
They didn't actually run any tests to confirm it was even bone, let alone human.	2
I hated him too, just keep watching. Every character has their own personal journey which is such an admirable aspect of this show.	2
fucking seriously.	2
Ok. Hang onto shit you can't change and be whiney about it. This is a reason why we catch shit. We can't take it	2
That goddamn wink slayed me. Swoon so hard...	2
Who da fuck wears swim trunks to a competition	2
What the fuckkkkk burn itt	2
Fuck man I didn’t plan on crying in my cube today	2
You will watch porn again, don't try to fool me	2
This sounds like a toxic relationship for the both of you. Seems miserable... I’d hate to be in that relationship	2
Hate the taste, switched to a plastic nalgene bottle	2
My anger, up 50%. 	2
You sound angry.	2
I would like to see the after justice of idiots like this	2
Seattle has both, and is building a huge extension to the existing light rail system. Traffic is still absolutely fucked.	2
C'mon baby, C'MON DEEP SHIT	2
MOTHERFUCKING FLYING MONKEYS, AHHHHHHHHGHGHHH!!!!!!!!!!!!	2
My friend on PS4 said that if you don’t stay to kill the bear, you can’t kill it.	2
your character's so broken!	2
The fuck is “mog?!”	2
It kind of blew my mind to see that after reading some of the most generic advices in that post. Who the f* upvote these posts?	2
Who the fuck leaves a hot iron on the couch	2
Me too. I have so much shit and I can’t imagine taking any of it into my car and piling it that high. Wtf?	2
>Teamates lap ruin Omg nothing makes me so angry same as running towards the hook or gen with the killer behind. Run somewhere else!	2
Dig up, stupid! 	2
i hate that it's over an interstate bridge so people traveling from the west from other states have to look at it edit* because it's fucking corny	2
BITCOIN SEND MONEY INSTANTLY (waits 6 months to get money and still praises site)	2
And everybody clapped! Fuck this loser!	2
So, bloody stop feeding cattle, nothing even compares to the resource consumption (waste) of the animal industry.	2
Fucking and being a boy	2
You shut your mouth. shut it right now. *sobbing uncontrollably*	2
Ya know, I hate lying but I guess I'd make an exception for this. 	2
But milk is beta food! Who wants that girly ass shit from a boob? My child will drink bone broth and the tears of broken women!!	2
Shut up cowpoke	2
Which sucks, because it's a *bitch* to find replacements for those.	2
I can guarantee you for many the hate for this administration started much before the election results were in.	2
This comment is fucking cringey lol why the fuck do you talk like that	2
Ignore him, he is a spiteful little rat who is mad because someone did something good and it reminds him how pathetic he is.	2
Its ok we all know you suck scrub.	2
I'm just here to say fuck [NAME]	2
Fuck her. I hate her so much. I wish she’s just vanish back to Indonesia with her mustache.	2
Fuck taking the high road. If I’m [NAME] I’m blasting the officials when I speak to the media.	2
Like who? The one guy stranded in desert already hating his life...	2
I will call the police if you dont stop harassing me	2
That just shows how similar people can be in this kind of situation, demanding, rude, and can sometimes damage stuff without care	2
Where the f are you going to school that you are hearing such remarks semi regularly? That's horrible!	2
This guy fucking gets it.	2
Since when can a family member drive against other familymembers because you both own it? That would go horrible if that argument was valid! What the hell!	2
I'm not crying... you're crying!	2
Shut up nerd	2
"""THE IMAGE ASKS """"WOULD YOU VIOLENCE THIS BABY IF BABY WORE HAT"""" THE ANSWER IS """"NEH"""""""	2
Why all the downvotes? It's a fucking pizza thread?	2
It's shameful that he has to preface this post with his bias. Couldn't just leave well enough alone.	2
I've always hated the 610/45 interchange. Everyone slows to a crawl when there is no need to slow down.	2
I’M NOT ALLOWED TO EAT THE SKIN, DEE! I’M NOT ALLOWEDDDDD!	2
Because you didn't realize MEPS was an acronym? Yeah, definitely taking anything you say to heart. Piss off depper. 	2
Burn it!	2
Fuck the White House, fuck McDonald’s and fuck this post.	2
How is one not amused by that? I can't imagine being angry even if it was my lunch. lmao...	2
This genuinely made me angry. He and his sociopath of a wife deserve each other.	2
Outraged suburban white moms ranting about stupid things that don’t matter and making ridiculous comparisons are peak humor	2
Only issue I have is that tiramisu is a beautifully layered cake and all of that is hidden by the container	2
Holy fuck that stop, good shit [NAME]	2
You shut your stupid mouth troll. Thy absolutely matter	2
People who WANT a border wall: idiots, racists.	2
You're a freak, you dirty dog you.	2
Debs a bitch	2
I'm leaving to go get some more motherfucking jokes MOM [NAME]	2
I fucking hate [NAME]	2
"""Makeup existed in 2009 too. Whoever made this is stupid. I hate the whole """"milinials dumb"""" shit."""	2
Kill him the sinner	2
This is horrific	3
Must be a terrible swim team. The only thing that your neck beard does is accentuates your double chin.	3
Shock collars are horrible. They poor pup. 😫	3
Probably. Government contracts are already terrible as they rarely pay on time	3
This is terrifying	3
Ahhh [NAME] its in my eye.	3
I mean this in the least creepy way possible, tell me how it works out NO DETAILS PLEASE GOD NO	3
Maybe it's as dangerous for [NAME] to whip people up talking about treason and betrayal and all that as it is when [NAME] do it. Fancy that.	3
I’m scared for y’all saying Undone.	3
this video made me feel like screaming	3
I was so scared to click that. Yet I did.	3
FWIW I had a terrible series of experiences at CFA and would never recommend anyone with anxiety go there.	3
We knows mumps immunity wanes; is it possible for measles immunity to do the same thing? I'm kinda scared to try Googling it too.	3
When I drove refers I was always afraid this would happen to me. I always shut my doors I'm just a worrier	3
Still waiting on [NAME] to tell me how GIFs are terrible and I can’t afford to watch anymore of them.	3
I understand it but still can't ask questions. I am too afraid	3
Worrying about [NAME] during a game is ridiculous. Especially when he's currently 6-11 from the field.	3
"""[NAME] i love this """"no one can be THIS happy, what a horrible person he must be"""""""	3
To be fair, they did call it a horror. 	3
I'm so afraid to weigh myself. I'm gonna have to do it soon though 😭	3
[NAME] was horribly inconsistent this year	3
~~Comrade~~ [NAME] I'm appalled that you would accuse me of using performance enhancing drugs. Neigh! Neigh I say!	3
*Dread it, run from it* *[NAME] still arrives*	3
How scary! She loves you! I hope you are ok.	3
We had a clown banging on dorm windows, on campus, with a knife in 2016. Was terrifying. 	3
I would be creeped out.	3
> 333 Brothers and sisters are here now So much cringe.	3
Nah, black bears are big scaredy cats Now brown ones on the other hand...	3
I don't wish abortions on any woman. It's a terrible thing to endure. Necessary, sure, but it's still grim.	3
Exactly right? That's when I thought she was really really horrible.	3
2005? I think we might be the same person lol. What a terrible year. I go back to that one a lot.	3
I'm terrible sorry, /u/bookluvr83, but I'm afraid I must join up with the giving-you-crap-for-not-liking-brownies bandwagon. ^kidding ^^^kinda	3
It’s the comment about smelling her that makes it pure cringe.	3
I miss mass Rez her new ult is horrendous	3
To make her feel threatened	3
We will never survive with 5% unemployment with moderate growth and a continued house building program to correct supply. Sounds horrendous	3
I was scared of my room and even when I fell asleep in my bed I would sleep walk into my mom's room	3
Yeah it’s the opponents club that should be scared of us! We are REAL MADRID!	3
She is a horrible person and that is what makes her so relatable in real life.	3
Yeah but scary brown people. Ever thought of that libtard? /s ^just ^^in ^^^case	3
Just imagine Disney characters without gloves. Yes it's that horrifying	3
"""I'm more worried about him scamming children than """"oNLY"""" scamming them into thinking they'll get $100."""	3
Because it was a terrible idea.	3
Horrible night for dodo	3
[NAME] shitting the bed like a 4 year old with diarrhea	3
Can't help but feel that going down 3-0 is nerves and fear of playing someone with [NAME] mythology. AO to [NAME] is like RG to [NAME]	3
"""But terrible people is my """"type"""""""	3
The fact that you think like this is terrifying.	3
It sounds like you’re the one who is afraid of the internet. Relax, bud. You’re on r/cringe 	3
General population are scared of press	3
what are you scared of!	3
Sometimes I think it's like the movie *Shallow Hal*. You see the person for who they really are on the inside, and it's terrifying.	3
You seem horrible	3
Well I'm scared as shit let's hope for the best, benz should be back(?)	3
> Sleeping next to someone I knew my wife is trying to kill me!	3
I’m scared to fall asleep——-	3
>it is fleshy I am horrified to learn that my flesh is fleshy	3
You've aged horribly'	3
Could you imagine? That would be so terrible for viewers. 😂	3
I'm with you, pulju has been looking dangerous lately	3
The third picture is creepy.	3
These are some of the lamest threatening letters I’ve ever seen. She’s a metahuman who can you murder people with her voice.	3
oh [NAME] I unleashed the beast	3
I joined the casuals on the couch and curled up in horror while watching this	3
For us to be able to do that now, they would proably make us pay for it. 	3
Those ears...those horrible ears	3
The word nourish makes me cringe now tbh	3
[NAME] “ I’m afraid if I don’t have money she’ll leave me”. Yuh, you’re exactly right [NAME].	3
The [NAME] of horror!	3
Report her to the police. Physical threats are a no-no.	3
I have seen this gif like once a week for a year, and I still cringe every time. 	3
Reminds me of [NAME] from the documentary THIN who purged food through a feeding tube in her stomach. This sounds dangerous.	3
I remember writing on them was horrible. Slight delay which threw me off combined with the letters ending up looking like crap. Whiteboard was so much easier.	3
BP can bulwark counter A good number of deflects and even drop attacks We have more than that to worry about	3
[NAME] looked terrible that game. I was really hoping to be wrong but he came just as advertised by Hawks fans	3
I’m worried about [NAME] too	3
Sounds dreadful.	3
No. It’s creepy.	3
because you are in danger of appropriating methhead culture.	3
Oh my god Del Monico. Horrific. Even the ambient smell in the hallways makes me gag.	3
I learned that recently driving into SLC for the first time in the rain/snow. I couldn't see shit. 1/10 Was scary.	3
Wow. AP should find that video and flag whoever did that...deep, scary issues at play	3
He doesn’t, he’s terrified, cries and hugs you. Basically one of the scariest scenes in TWD.	3
that day humanity received a grim reminder	3
this take can get the fuck out. that bulge is sacred	3
I'm scared for her. The Saudi government has proven to be very brazen in its disrespect for international law.	3
What’s the clip from? I’m scared to put “teen boy good kisser 900 number” into YouTube	3
The history of horrible things the federal government has done is well documented. The same way the federal government does it, with income taxes.	3
I’d be afraid to get high after that yo	3
Freaky, more like creepy	3
My soul twin must be [NAME] because I’m terrified of water!	3
Yepp. I've struggled to hold a job so I'd be in trouble without it.	3
he is a very dangerous man	3
How incredibly dangerous	3
I’m afraid I just blue myself	3
Omg creepy!	3
What scares me is that now that this happened, they're going to try and find ways to take women's phones away from them.	3
Not even polite if they're driving. The road rage here is terrifying.	3
Yeah until the last one has creepily wed and reproduced.	3
Oh god, [NAME] is terrible. My kid loves it though, and Dr [NAME]	3
Problem is that picture is there before you ever set foot in the cabin; [NAME] put it there. Just makes it creepy.	3
Also the reason for last year, playing him as a cb was necessary but proven to be a terrible position to be in.	3
Kotaku never ceases to amaze me with the horrible decisions they make in posting stories that can ruin people's lives with no confirmation or validity.	3
My darling, have you bowed down to worship the ancient one yet? We are very worried. 	3
Yeah but you're not anymore I'm afraid.	3
Looks like they did it to scare everyone else on the road as a dominance game.	3
I'm afraid I'm gonna have to go with what he said about an hour ago. Unicorns. He just ruled out any sort of	3
>[NAME] One of the most horrifying stories I've ever heard of: the mom should be in psychiatric care and the doctor thrown in jail IMO.	3
That was a fluid motion and it scared me	3
The cruise boat one (similar) where the water goes WELL over the porthole scares the everloving shit out of me every time	3
I am afraid to look, but my morbid curiosity draws me to ask.	3
That's the reason I am terrified to wear contacts on duty. I'm afraid it'll get stuck between my contacts and eyes and destroy my pupils.	3
What a weird and slightly creepy thing to come to mind as a reaction to this video. /s Edit: apparently indicating my sarcasm was necessary here.	3
Don’t worry, he’s more afraid of you than you are of him. Just act tough, it’ll work...maybe...	3
I watched a really bad horror movie she starred in but I think it predated VPR.	3
That’s not munchausen. She has a diagnosed illness that’s a terrible, terrible one to suffer from. This is a pretty shitty reply.	3
I felt a great disturbance in the Force, as if millions of voices suddenly cried out in terror and were suddenly silenced.	3
ah, ok! i'm afraid i do, i just didn't realise that's what it meant (so old i am going stupid....)	3
This looks like don't hug me I'm scared	3
Kind of wish they recorded a video of the shard of glass moving through the heart, we would all pee a little in our pants.	3
Same thing happened to me last year ended horribly	3
Weird, FBI did an investigation and proved that never happened. White knights make me cringe.	3
It’s pretty cringe	3
[NAME] is pretty fucking scary	3
All of season 6 is terrible	3
Self confidence I think and the fact that I’m scared if I do give all of myself to some that they won’t reciprocate.	3
That [NAME] missed layup is haunting me right now.	3
Me too! I got scared that I've been laundry inpaired my whole life and never even realized it!	3
I feel terrible but I do this too, or watch obese people doing mukbangs	3
After all that i expected it to not look terrible. Oh well.	3
> ...he was afraid for his life... I see he has mastered the magic incantation.	3
He was afraid of flying	3
Some additional background the robo-voice on that video is horrible.	3
It’s horrible for me, way worse than your situation. Be Glad that you aren’t me	3
Absolutely horrible.	3
Oh no, the horror. Look, a pause! Let's start CPR! Those nurses, probably	3
Its almost as if everyone is too afraid to be politically incorrect to admit that height and race are a factor.	3
[NAME] combat is terrible and the only reason I don’t play it anymore	3
that's horrifying	3
I would stay away from [NAME]. Apparently his injury got infected and will require more surgery/surgeries	3
The faces in that drawing are kinda horrifying	3
That is so creepy and scary. Imagine if he really was a Dr, and the only one available in your hmo.	3
It's the hard R that'll get you in trouble.	3
I’ve never cringed so hard	3
Ah, alt right thinking. Afraid of people who have anything 'upstairs,' or 'between their ears.'	3
[NAME] that bottom picture. the brows mixed with the hair terrify me 😰	3
i had all of those. checked myself with a GP and found out i had low iron, migraines and needed to visit the therapist re my anxiety.	3
I'm scared to do these cuz the S.A.G.E. told me I was a transvestite	3
I live an hour from one but was afraid of driving all the way there and them telling me that I have to order one.	3
Yo this [NAME] was literally pulling moves out of the Hitman games jumping over to your balcony. Thats terrifying.	3
This is dangerous.	3
My parents are going to kill me when they find out.	3
Which is odd, he was terrible on Sunday	3
[NAME] is scary	3
I'm now scared to post this link]( I guess I should [stop.	3
Confirmation sounds really scary and sketchy. I can not not think about cults and rituals everytime...	3
Yeah it’s fine. Some supplements contain Ashwagandha which affects the gaba receptors so be cautious if you’re already on gabapentin or a beta blocker	3
I haven't had class in three years and yet I've literally had this nightmare dozens of times.	3
Tell that to r/Polygrumps (very *VERY* NSFW) dude. They scare me more than this sub.	3
Don't forget colors. They panic at the sight of a chess board.	3
What is with the pet worship? Should be more worried about your elderly relatives.	3
 I'm scared to even ask my mom ,I might get yelled at 😟	3
Conversion to make gay people straight. It's horrifying	3
Please no, I have a family!!!	3
Ahhh, I see. I thought you were saying they made you afraid of the sessions.	3
That sounds like it was an absolute nightmare, I'm sorry you had to go through that, anesthetic failing is a horrifying experience. 	3
[NAME] no, these are horrid on anyone.	3
I’m scared.	3
This is the noise I make in my girlfriend’s ear while y’all are still scared to moan	3
that looks like a nightmare.	3
The biggest cringe is actually all the people commenting she's a man	3
Only children are scared to take trains by themselves ...oh wait.	3
Can confirm as my first time commuting by motorcycle in the rain there was hail, then lots of thunder bolts and lightning , found it very very frightening. 	3
I thought this was a torb skin and I was about to die	3
I’m about to have a heart attack tonight	3
OH [NAME] THAT'S TERRIFYING SOMEBODY SAVE US ^/s	3
Oh, the horror! We must defend the honor of Lord [NAME] against the scum of r/NFL!!	3
[NAME] made me like a sleep walker.. I did things I didn't remember doing. Scary.	3
What a terrible list	3
"""He may have, I was more worried about the """"running and shooting the AR one handed, off to the side""""."""	3
I was so scared, I thought the kid was going to backpedal into a street.	3
What a horrible person	3
"""You know when I typed """"legal tender"""" I had a horrible feeling I was going down a rabbit hole."""	3
You're a horrible person.	3
GF is false; I saw Mayor get transported and I was stabbed by an SK	3
He had been so worried that the stepmom would have a hard time integrating into the family.	3
nearly choked on my chicken breast	3
Blizzard was working with Activision long before Hots. I'm afraid its too late now, to divorce.	3
This is terrible	3
I have. Here, its implying he wants to fuck the dog. The original the dog is just scared of him.	3
Guess we don't need to be afraid of hell, then, 'cause we can easily get out.	3
You sound scared	3
Welp. That sucks. I always check left and right when crossing an intersection, getting T-boned is one of my biggest fears.	3
Its natural to fear what is unknown. Especially when someone is trying to force you to open a sketchy box while probably grinning the whole time.	3
>very creepy horror-themed Very accurate description and only from a few second piece of an audio recording	3
Gonna warn you, that path is a lot more dangerous than you would think...	3
thats terrifying. how can people do that to their own citizens?	3
> Crab Rave Ayyy I've never seen this before I kinda wanna go but seems scary.	3
This is horrible	3
In that case, I’m appalled. 	3
Philanthropy really scares some people, doesn't it? People did this to [NAME] too. 	3
I'm kinda afraid to ask but did anyone reply?	3
[NAME] and [NAME] for [NAME] then sign [NAME] afraid this battle station is fully operational	3
It's a Falling In Reverse song, which makes it even more terrifying	3
Goosebumps had the same take on those too. Those books used to scare the shit out of me	3
Either way, I am afraid his marriage is over. She doesn't respect him anymore...	3
Bedside report is terrible.	3
Definitely accurate, lasted about a month total in a Disney “internship” program... was more like slavery. Terrible experience that ruined Disney for me	3
I'll try that but I'm thinking about going outside when it is unbearable to sleep. Also I'm scared of cold making me more sleepy.	3
That scene traumatized me the first time I watched it	3
That’s horrible. Only religion could make an otherwise normal person want to show a torture and murder video to a child.	3
"""Couldn't really fit this as a """"how to,"""" does that mean I have to go to jail now? Source: """	3
Your imaginary boyfriend is kinda creepy. Although, if he's kinky then he may be for keeps. *wink 	3
I’m as terrified of Mr. [NAME] just as much as any sane person but I don’t think we should *burn* him...	3
"""Oh, the """"Thomas the nuclear bomb""""? That scarred me."""	3
That ice is dangerously thin for such a hot take.	3
I had a nightmare about something similar, the combination of high walls and water is truly scary	3
Ireland because Ireland. Not me but i did something pretty scary.	3
I had a similar fear last month after exceeding the two hours in a Homebase car park.	3
Pretty terrifying. Imagine if you went on a school trip, did nothing, and came home to this.	3
I believe that show scared straight was actually a massive failure, it got viewers but concept of it never resulted in the kids actually being 'scared straight'.	3
THERE'S A WAR COMING, NED. I DON'T KNOW WHEN, I DON'T KNOW WHO WE'LL BE FIGHTING...BUT IT'S COMING!	3
It was a few years ago now, I’m afraid I don’t have it or I would.	3
yikes, as someone who dislocates things often ([NAME]), this scares me!	3
That sounds a little paranoid	3
Completely correct. But he Might have lost control, blown a tire, etc., or maybe just panicked human error. 	3
Turn off your phone, computer or even the internet. It is scary to do but just for now when the urges hits.	3
Please don’t murder me	3
[NAME] is scared out there. Didnt want the ball	3
Why did she get married if she did not love him? Aren't you afraid the same thing wil happen to you?	3
Now my mental image is narrowed down to a big imposing woman or a spidery woman that scares me just to be around.	3
yes, please do I'm worried about her D:	3
As a closing TM, that’s terrifying. 	3
Wall St is scared of the 2020 Democratic primary.. Good!	3
Seeing that knife on this subreddit put the fear of [NAME] in me	3
Imagine being scared of a black bear	3
Oh true I remember seeing it on Spotify’s charts for weeks. It’s terrible.	3
Tear all of it down - that place is such a horrific example of trash civil engineering	3
This sounds like borderline mental health issues. Scary.	3
I'm afraid you have your terms mixed up -	3
It's practically non existent. Im mostly afraid to initiate a hug because I'm afraid I don't know/forgot how to hug.	3
That movie really scared me when I was a kid.	3
Don't do that i think its dangerous	3
Oh, those dreadful things. I gave those away.	3
That was a terrible pass regardless. Wasn’t close	3
Not the right sub, I'm afraid.	3
Sir that is a popular opinion. I'm too afraid of what sort of trade will happen to want one.	3
That sounds terrible! I get hay fever some years, I also have eczema and anxiety, all at once sounds like pure hell.	3
Arghh! There's a dinosaur loose in your house! A dinosaur with Tippex eyes.	3
Ha me too. I’m afraid we’ve been called out	3
It's seriously terrifying!	3
I don’t know who [NAME] is and, at this point, I’m too afraid to ask.	3
First I was afraid, I was petrified...	3
It still seems dangerous	3
I know 😢 it’s one of my life’s goals to see a moose in real life despite how terrified I will be lol!!	3
Imagine your daughter running away from home. I think that's a pretty terrifying idea without some murderer or mystic horror	3
the older me would be scared shirtless knowing all the fireworks that exploded nearly in my hand as a kid	3
This kills the country.	3
It just never got weird enough..	3
Idk how to use any.... the 5th one looks scary	3
Well, since everything in Australia wants to kill you, I'd say it is quite healthy to be afraid of Australian spiders, and other flora and fauna 	3
RED ALERT RED ALERT	3
Watch [NAME] left arm and hand as he's on the floor. Scary.	3
You are not wrong. I have learned about myself alot while on drugs. Sometimes it's scarry when i find out how limited my mind is.	3
Right!? I'm glad someone else noticed. I was horrified when she trespassed into a stranger's home. So violating!	3
This is truly terrifying.	3
This was posted at the exact same time as another guy posted it on here, and that scares me.	3
that was a horrible fix	3
NEXT TIME! ON THE CURSE OF OAK ISLAND!	3
Yeah, I’m at the dh store. so it’s far but not that far. People really are horrible. 	3
This picture really drives home that the CIS can be super terrifying when they want to.	3
I feel personally attacked.	3
Same here man, terrible feeling	3
[NAME] was the same in Crestwood. Scary as hell.	3
Oh my [NAME] I saw the rocks below the dog and feared the worst!	3
Very scary.	3
I'm too scared to start Black Mirror because it honestly seems like we might not be that far off from some of it.	3
This is extremely dangerous. And would completely marginalize anyone without a chip. Making it an absolute necessity for everyone to have a chip.	3
I might be in trouble in this case. I have 7 years going on 8 :(	3
Damn! You were so close! Scary. Damn damn!	3
Threaten to release....welp , nothing coming from this.	3
#OMG TERRIFYING!!!!	3
This is scary.	3
I'm working on it. But there is always the fear lurking around....	3
Yes,on top of that feel like vomitting,can't breathe and thinking I will faint.	3
This is scary to know that you went through. People like this are one step away from coming home with a gun or knife.	3
[NAME] that is frightening...	3
I'm 34 and disappointing my mother is still my greatest fear.	3
I mean it makes sense, they're into [NAME] because they totally dig the horribly socially stunted types so they love [NAME] for horribly traumatizing her.	3
This grammar is horrible. Discovering something is a fixed single point in history which should have been simple past “was” instead of “had been.”	3
"""The 5 days got an audible """"[NAME]"""" out of me. That's terrifying. """	3
Poor wee thing is probably terrified somewhere.	3
I am scared that I would lose potential study time by seeing him. And worse if I end up liking him too much... :(	3
Even more so. It would only make our prison (this world) even more diabolical.	3
Something would go terribly wrong for [NAME] causing him to have to leave. It’s how his ability works.	3
I discovered this show on the cnn docuseries about the nineties. What a terrible idea for a show 😂😂	3
I will not being awkward if I am being myself but I just scared	3
FEAR THE TURTLE	3
My biggest fear is catching feelings. I got dangerously close once lol. It’s just about self control.	3
That sounds terrible.	3
This is the most scary [NAME] can ever be to me, cause it’s also the most real he could ever be 😂	3
For as long as she’s been gone, I’m terrified to think why she was kept alive that long.	3
Those refs were terrible, god damn. GG Buckeyes, it was much closer than the score suggests.	3
If you are really so dead set against shoveling sidewalks, perhaps you should move to a warmer climate. 	3
I never used an escalator until I was about 16 and I still remember moving stairs scaring the hell out of me	3
This was the one post that truly frightened me about the insane left. They are a cult, and not on our side.	3
Fear mongering.	3
yeah see some of us come from youtube it's a horrible place never go there	3
Honestly scared to see what happens	3
Or maybe he does, and that’s why he scared of people thinking that; he’s afraid of people finding them out.	3
we are scared on /r/bengals rn	3
indeed, but im worried that this matchup will end up as the biggest bait since years and rookie will crush him badly	3
I tried doing this for my son but he was afraid of it.	3
So edgy.	3
She clearly was too afraid to speak up.	3
The fact that this being brought up makes it a real scary feeling.	3
Says millennials are afraid of hard work, dismisses the hard work required to get a fit body.	3
I would think terrible, awful things.	3
I'd say the bigger potential problem is getting reported for public indecency, that goes on your criminal record.	3
[NAME] man..... I hope this is just one of his overdramatic moments on the floor... He's scared me like 5 times this year....	3
Beyond nightmare!!	3
I have a bad feeling about this.	3
All of their Saints are psychotic idiot who died for nothing. People remember them as horrible people in death as they were in life.	3
yeah, there's even more registered online. scary.	3
What the fuck is that horrifying picture	3
Yikes. That sounds terrible 😢	3
Those things still haunt my dreams to this day.	3
When that intro drops I get so into it and scare my cat	3
Man, dropping is rather dreadful but nothing’s more dreadful when you can reach into your pockets expecting it to be there and it isn’t 	3
is this sub scared to talk about [NAME] getting arrested	3
They come to your house and rob you at gun point. Be honest. What are some ways that this could be resolved?	3
Well that’s horrific	3
The original Halloween movie is still the scariest film I have ever seen. Being chased by [NAME] in this game is terrifying.	3
Why am I gonna do? Stop the ant? I’m scared of him too	3
[NAME] here...that guac looks horrible	3
I graduated in 2002 and had history books that ended with [NAME] 2nd term. I had great teachers but terrible materials.	3
The biggest Nightmare	3
This is a terrible idea	3
I've been trying to as well, but the game is so scary :/	3
It's crazy, the first day with icy, snowy roads it's scary but within a few days, grip and visibility sound like fantasy	3
That live snail got me freaked	3
This has to be made as a satire of terrible memes . Like r/okbuddyretard material	3
I’m to scared to tell them :(	3
This sent shivers down my spine	3
Being so gullible is the frightening part. durr da durr he downvote me	3
Looks like the next level of a horror character	3
No, no, please don’t make me see [NAME], please!	3
I'm sorry you had a bad experience, that's horrible. But that number saved one of my friends lives. Different for everyone	3
Watching it deteriorate into a horrific dystopia. Healthcare costs. Dental. Low wages.	3
Cheese Most of my friends love cheese so much that I’m scared to tell them that I can barely even bring myself to eat it	3
It is an absolutely horrible ultimate I agree after 400 hours on doom I still hate it	3
Probably scared they’re gonna get flashed by a camera.	3
scared for sure... scared of how much money we're gonna have to pay him it's gonna be all the moneys	3
I got mine a few months ago and honestly apprehensive to wear it out to a game in fear of staining it.	3
Yah, totally. It's just kind of scary when all you hear are loud extremes on both sides. 	3
Phone calls are the ultimate nightmare !!	3
Scary times we live in.	3
Wait for real? That's how they met? lol that's both terrifying and completely fitting considering how nuts they both are	3
Bonus: her infamous bizarre introduction video. Truly frightening	3
Yuuuuuuuuuup. It's horrible.	3
I have a moronphobia. I'm going to need to ask you to step away as I have an irrational fear and distaste of you.	3
I can’t tell who’s wooshing who but I’m afraid to ask by this point	3
Maybe check the song title one more time chief. Love the song tho. Also today’s a Scared of the Dark kind of day for me	3
Imagine if we dont trade [NAME] and [NAME] fans just kill all of us.	3
My greatest fears are getting wooshed and not getting the joke.	3
Well this is terrifying.	3
That does suck. I’m sorry. Having recently been ghosted by someone who I thought was a very close friend, it’s a terrible feeling	3
That hop/shuffle is scary	3
It's tasty. Had one on bone marrow once. I've had weirder things before	3
It's weird. You might be right to worry.	3
I know I should be worried, but I am not, which makes me very worried. 	3
I'm scared that they would turn out like me, even if I tried really hard to make them nice. 	3
HHahah. Right? I’m scared	3
Wow, this is terrifying.	3
Stumbling out of a closet in full [NAME] outfit... I'm afraid it's not	3
dude stop your gonna make me cry. This is horrible please don't do this STOP right now. Dont it's just not worth it	3
The dryer sounds like a fire hazard to me.	3
I was afraid of that .	3
I'm afraid that will leave Britain no better. Can't imagine the ruckus if remain wins.	3
It scares me that left to right is also possible for anyone	3
I was petrified...	3
this is my worst fear	3
I hope this guy got found and fired. That's way too dangerous. He could have easily killed someone.	3
Yeah that’s one of the things I’m most worried about, still hopeful!	3
My worst fear when I finally get over someone Those damn what ifs	3
Your coaching is terrible.... be ready and see how [NAME] uses [NAME]	3
>Some ~~drugs~~ people are just... Scary... Some drugs tend to bring out what's bubbling under the surface, so in that way, yeah. 	3
Thought i was already there with the terrible title.	3
[NAME] has gotta he replaced or that was just terrible writing	3
Oh my gosh! That light house!! Its terrifying!!	3
Mine once went 6 hours overdue. It was horrible. Big hugs to you. Drink all the wine you can find!	3
Ah sorry [NAME], I was going to join. But your desperate posts scared me away!	3
Aha! This is my fear, that the gloss over key elements because they want to target a wider audience!	3
I would have tactically thrown dynamite and blown my self up about 2 seconds in.	3
He said this awhile ago. His splits away from coors scares me.	3
I'm moving to the UK in 2 weeks. This terrifies me.	3
They're so scared	3
I’m dreading when it happens during our games for the title	3
They’re honestly a cult at this point. It’s not just sad, but incredibly scary.	3
Same here, i hope my upcoming trip is gonna kill me	3
I was wondering what that was!	4
What a methy situation!	4
I still can't believe those guys got nominated.	4
[NAME] was a pleasant surprise. It might be something you'll enjoy.	4
That's true, but I was surprised to find absolutely ZERO information about a person who , presumably, has quite a bit of power and influence.	4
Yeah keep filming your kid kicking a dog in the face. I'm suprised this isn't on r/funny	4
[NAME] winning a ball would be...... surprising	4
I can't believe he came in and 4 seasons in he managed to turn the team into this.	4
This must have been the fastest reply I've ever gotten omg	4
Wow I had no idea all of this transpired. Crazy!	4
Wow Jurassic Park looks a lot different than in the cinema	4
Oh a cat !	4
Wow.	4
The baby photos, holy fucking shit there's so many baby photos now.	4
nah man im just shook and dead™️	4
Not related, but now I wonder how Delta would have done on the hair ball challenge	4
Wow did you really just scam me😔	4
You'd be surprised how much control [NAME] has in your life. I've experienced it first hand. Mentally.	4
Really surprised I had to come this far down to find this!	4
I know North America is a big place but I wonder what it will take to see similar crowds in cities over here.	4
Breaking news, husband borrows wife's car and should lose their job because of this	4
Wow after that [NAME] turnover, I've never turned off a game so fast	4
Holy shit I didn’t realize he didn’t fumble all season that’s wild	4
Woah, cool!	4
I'd be extremely shocked if we don't get [NAME]. As for [NAME], I don't know much about him	4
[NAME] out? I thought he’s been playing pretty well. Wonder why...	4
Wait, WHAT?!?!	4
Oh I never knew you could do that	4
Omg the face	4
I knew a guy named [NAME]. Always wondered what his middle name was.	4
Man you'd be shocked to know some women still remain passive even when married.	4
I think they were just doing their job. Reporting what they saw. And yea that was the happiest I have seen [NAME]. Weird.	4
...oh goddamn it, that's in my sales territory.	4
I'm so surprised they haven't done it yet tbh!	4
Wow so you really are pro-abuse huh	4
He was in a state of shock lol	4
Wait, wut? I thought there was some sort of (2) term pledge from	4
Oh my god, zero-calorie Gatorade is a thing ^(i don't care how many chemicals are in it if its zero-calorie)	4
Wow, ouch... 	4
Last event went well, 40+ signups. Looking forward to some new faces this time. Special surprise for the winner!	4
Thats beyond shockingly bad. A new level of terrible. Wow...	4
okay I just checked and OMG IT's SO TRUE (mostly) I really am a [NAME] <3	4
Was expecting a horrifically broken ankle. You have posted the actually unexpected	4
Oh wow!!!	4
I was flabbergasted when I saw it.	4
No. I wishm Why did I stop? Kids work and money. Not a minute to myself	4
Absolutely no one was surprised at her choice to run in 2016...	4
Yes, because private matches are a thing. Surprised no one else has mentioned that one.	4
I did not know Donuts could be so complicated.	4
I was wondering that as well....	4
With punctuation like that I'm surprised you're not from Jordanhill	4
Wow, didn't expect this thread to get philosophical.	4
A surprise, but a welcome one	4
My money is on [NAME]. Doubt [NAME] is back up next yr. [NAME] looked.good last preseason. I was surprised he didn't beat [NAME] then.	4
Unbelievable! Here. Have your iPad back. Not interested in being treated like a criminal. I’ll write home with pen and paper	4
I perform nostril waxing. It is surprising hardly painful at all. Feels so much better too!	4
Oh my [NAME]...	4
Wow, foot and car traffic downtown has changed a ton in just 8 years. 	4
oh my [NAME] is this real	4
Wow, you must've never been on /pol/ or like dozens of anti [NAME] subreddits.	4
The nfl has been the outcome of ref interpretation and flag throwing for years. Why are we surprised this continues?	4
wow even the buildings on the poster haven't loaded in	4
"""You're saying some surprisingly stupid things for someone named """"[NAME]."""""""	4
Well, whaddaya know!	4
Wow. So I figure you two are both at least considerably older than me (24) and ...wow his response	4
I wonder if that child puts it on his resume.	4
I'm surprised he didn't say it was *almost* an inside job	4
Wow. Some people are so stupid. But if it was me I would have opened the door and at least put it inside the doorway.	4
We had a long debate about how old Jackie bird is and as per every year were surprised by the result. Was pish	4
Or take it further: Try showering with just hot water. You might be surprised at how clean you get.	4
im surprised you didnt try to go over her head to the owner or did he just not care about what the new GM was doing?	4
I think this is the first time I’ve ever seen this joke.	4
Oh I know. [RELIGION] is the most severe form of brainwashing on the planet. There’s absolutely nothing like it. It blows my mind.	4
I always flew out from Edinburgh. First time flying out from Glasgow and I was shocked at how small and... dingy it felt in comparison.	4
Also known as the song ice cream trucks play. I was wondering why it sounded so familiar!	4
Holy heckin heck	4
"""When it gushed out I caught myself saying """"ooof"""" out loud"""	4
So, they want a more profitable split? Surprised they wouldn't go for the Discord store then. Didn't it offer even better a split?	4
Wow 40 years at 18 wow how unfortunate.	4
I’m constantly surprised that [NAME] doesn’t hate her.	4
Wow, I’m going to have to remember this one...	4
Alarming! 🥀🥀🥀 🚓🍩🚓🍩🚓	4
It’s crazy how many people don’t know the difference between fluid ounces and weight lol	4
Bengals are a quirky breed 😸	4
Omg!! They are kinda turning [NAME] into new [NAME].	4
And when the 4th Quarter needed it most, it vanished!	4
Oh [NAME], oh no, no no no	4
I'm surprised they've gone this long not knowing [NAME] swears a lot.	4
Wait wait wait... did [NAME] go 61-27??	4
Yeah I'm actually pretty surprised that's not a thing yet, there's gotta be a lot of people working on it. 	4
[NAME] fucking christ. When [NAME] came into the league he was pretty much as skinny as [NAME] is now. And look at the dude now.	4
I am more than pleasantly surprised I clicked this link	4
[NAME] isn’t a rocket scientist. I was surprised about the Thailand thing tbh I did expect it to be true haha.	4
I was just in shock when she answered the door for devoin.	4
> The headline writers are misrepresenting her words (second publication I have seen in minutes that has done so). Oh wow I wonder why	4
OMG I looked at this they're coming I can hear the boots.	4
Holy shit! No way in hell I'd get that close to DFW in a Cessna!	4
21 year old here! I had always wondered when I would feel like an adult... according to this thread looks like it never happens	4
This is not a comedy subreddit. It is a subreddit about the unexpected.	4
Wow, that was insane	4
I’d kind of be kind of shocked if Chili wants us to hit mostly ground balls, especially with how hard the shifts are nowadays. 	4
It could be bait and switch... Which would be a surprise	4
Surprisingly all of my family keep their toasters on the work top despite being [RELIGION]/Unionist ?	4
Wonder if her steel balls make the same sound, clanging together, when they're frozen?	4
Wow now I know there's a twist. Why even watch it?	4
Wow, i never really understood how bad the star wars perecuelse really are till this moment.	4
I wonder how big a problem this really is and what the cops' plan is.	4
The shocking thing about this all is that she seems to be British born. I'd expect this from immigrants, not those born in the UK.	4
“Wow. Just .. wow. Read a book, sweatie!”	4
I can't believe [NAME] is considered an mua and he can find match his foundation lmao	4
I can’t believe that’s real	4
Oh my [NAME].	4
For a second I didn’t see the t in “stack.” Was wondering how you did that but nvm.	4
Oh my god. Don't you know it's illegal to share memes if you don't have an IQ of 16 trillion?	4
I have no idea how we are down by ONLY 13. Its truly a miracle.	4
Holy shit!!	4
I wonder if the mapgen portion of the population will die in the first place. Dwarves just waste all their time working on the labyrinth it hits 30.	4
Wow i didn't really expect both the explosion and him to live	4
HELL YEAH!!! And in only 7 months?? That’s such an achievement!	4
I genuinely cannot believe [NAME] didn't get fired years ago. It shocks me more than [NAME].	4
[NAME]? I'd be surprised if he plays.	4
Omg the hockey god’s actually helped us !?	4
Pretty normal! I have a friend who is exactly the same :)	4
Surprising you choose to believe things that aren’t true 🤔	4
It boggles my mind every day how easily conspiracy theorist stuck their flag in Trumpland.	4
I'm surprised no one's talking about the guy in the picture. What a thrussy!	4
I find this sooooo strange	4
I would be surprised if she's doesn't have at least 1 kid	4
OHHHHH! THAT ONE! Oh, *[NAME]*... 	4
Confound your toll Troll!	4
And...peter thiel is involved. Color me surprised. (O negative surprised that is.)	4
I am stunned	4
I wonder why they're single?	4
Surprises me how a dude that let his keyboard get to this point even cares enough to clip his nails in the first place.	4
"""""""Didn't know you can predict the future"""""""	4
[NAME] 12 min long? That other 1 min video spoiled me.	4
Oh, it’s you again. Here: 	4
Shocked basement leaking got you freakin lady	4
My [NAME]! This isnt a vaccine! It's a jello shot!	4
Wow, essential oils can now replace oxygen	4
The amount of hate that [RELIGION] people get in the world is absolutely staggering.	4
A surprise to be sure, but a welcome one.	4
Never thought I’d see a comrade here	4
Wow misleading title.. Ffs	4
Wow, well I think that game just aged me 5 years...	4
Was it just me or when they showed the backboard camera did the hoop look like it had a surprised face?	4
Wow, the interview with her mom really made that clip.	4
Wow! This got far more real than I was anticipating.	4
Omg lala a housewife I can’t even imagine!	4
Idk why you're surprised. [NAME] and [NAME] had identical philosophies. It's why the offense didn't change when he came back.	4
oh my [NAME]	4
Good riddance. I'm surprised it lasted that long. [NAME] is trash.	4
what a surprise i never saw coming	4
I wonder if these little creatures with their big bulgy eyes ever poke themselves in the eyes accidentally.	4
This is the most Boomer thing i've ever seen	4
mtv has agreed to take some of the load by having them on...i wonder if they get paid per appearance or flat season fee.	4
Oh damn, is that who made that up?	4
no way I have never heard of that! wow!	4
Wow. Imagine being this stupid. Life must be so hard for you.	4
"""I'm wondering how many players have """"PhD In Punishment"""" -comment unironically."""	4
Omg, the hands touch the chicken, go off screen and then touch the salt. My mind is contaminated with Salmonella. 	4
Wow fuk I'm watching that right now	4
God damn, [NAME] gets 2 Mikans? Lucky.	4
Stunning considering you have the exact same opinion.	4
Oh no, my secret identity as a neurosurgeon/entomologist/radiologist/anesthetist/dentist has been discovered! I knew I should have given less detailed medical advice online! D: 	4
I'm actually surprised none of his wives have stabbed him in his sleep already. Now he has secret service protection 😋	4
Oh look a player breaking out of a slump against Dallas. Haven't seen this one before	4
ho boy are you in for a surprise	4
The white thing high up in the yellow square is my uncle [NAME] glass eye. Wonder how it got there.	4
I was surprised when they sewed them together instead of hot gluing them.	4
Oh no.	4
Wow. Yes. But here I am. On my phone. Responding.	4
I wonder if the school closures with MLK holiday reduce the priority to plow ...	4
I can’t believe he’s playing the live action sonic the hedgehog	4
Omg it’s like you’re taking the words from my mind.	4
What a gift!	4
Oh god no!!! I was gonna get some shipped out to save you some money. Never mind.	4
Really? I thought this joke was a bit plane	4
I’m surprised it was uploaded today, especially since he uploaded a video just a few hours ago	4
Even after achieving 100% in this game, his performance still amazes me.	4
A surprise to be sure! But a welcome one	4
Oh, wow, I didn't know my Dad had a Reddit account.	4
I wonder how many tries it took to get the spacing right	4
Doctor is Spy! ~Grunt, too late.	4
What an unbelievable coward	4
What a coincidence. I also had a Bort.	4
...what? You're far more concerned with the o line than signing [NAME].	4
The best one for me is still Borderlands 2, and it’s been a fucking while. Amazing how far ahead of its time that game was.	4
Wow you found the answer, wish you were on top, will link to you in my post	4
I wonder if the formal letter from the psychiatrist will help if cops just decide to shoot her first :(	4
Wow holy shit I didn't realize Reddit has become main stream media great analogy bud	4
Yeah I was super surprised by how good Trench was, probably my top album from last year	4
I'm speechless.	4
I wonder if we will get to actually see the demise of their relationship. I doubt they will do it on the show though.	4
Same.. I wonder why we catastrophize over these minor things so much and others seem to be able to forget them..	4
How did this not get marked as meta? Tried posting something similar here and it was instantly flagged as “meta commentary about the sub” and blocked.	4
Low life is as low life does. I wouldn't be too surprised if he's broke by the time he's middle aged, unfortunately.	4
Wow. Of COURSE this happened	4
Dude couldn’t see he had a spool of hair growing on his face?!	4
Wow! It's dead af here	4
I've never been there before so I can't confirm or deny but I would be really surprised if a casino only had limit holdem	4
Surprised there isn’t more of this lol	4
That sounds intelligent. Wonder why you don’t have a job you have to interview for.	4
Woah, woah, woah. You're trying to tell me that elites have a stranglehold in a country with an *actual* aristocracy?! 	4
i am shocked... SHOCKED I TELL YOU!	4
Wow no wonder everyone is driving mopeds around. That's all there's room for.	4
I’ve always wondered why they play at ear splitting volume instead of one where you can enjoy the music.....	4
**I can't believe she held out for a full 24 hours before flip-flopping**	4
Wow! I didn't even know there was a handball world championship.	4
Unbelievable that we didn’t sign him Also, we could’ve potentially signed [NAME] the window we signed [NAME]. Kill me.	4
Seriously? I couldn't even remember the dude's name until about halfway through the season honestly.	4
the fact that [NAME] still exists is somehow the strangest thing about this	4
r/rareinsults also i’m surprised this guy isn’t fussing over the “it’s” instead of “its”	4
I’m rather surprised that these books are STILL being made. Like I thought they died off around 2014.	4
I didn't know [NAME] was in a j rock band	4
What did the dyslexic atheist insomniac do last night? He stayed up all night wondering if there was a dog	4
Suddenly went 6 to midnight TBH	4
The cheerfulness of the “hail satan” text overlay was unexpected.	4
Surprised, Playtest isn't mentioned. The ending is just god damn!	4
Yeah that’s a bit odd, wouldn’t be surprised to see that change come gametime unless [NAME] is shook or something.	4
I’m surprised they arnt argonians	4
I’m wondering the same; something seems weird about that interpretation of the law	4
I find it really strange how people align themselves with or against a politician so strongly.	4
*Poop hole* Oooohwee!	4
I wonder what a hug would feel like a lot too.	4
Wow, the video is a lot worse than I thought. His actions after he asks for the age is very uncomfortable. 	4
Surprised he didn’t get hit with a random drug test	4
I'd be surprised if mosques make the girls on school trips cover their hair, hence my question.	4
Exactly. It was The fact that everything happened and ended so suddenly that left me speechless.	4
At least you can admit you value one innocent person's life over another. What a shock it's the rich politician over the security guard.	4
Whoa whoa whoa, dont go firing him into the rest of us. He is your alien being	4
Wow I got a virus from just looking at this post	4
Ah ha!	4
The nerve of that [NAME] album on his wall. I still can’t believe he has a child.	4
Shockingly, some people continue to educate and improve themselves. You might benefit from it.	4
This makes me wonder if they fixed [NAME] having a very noticeable gap between her body and legs with her new shorts.	4
Exactly. How that woman has survived two no confidence votes amazes me.	4
In this day and age I’m actually surprised at how many hotels haven’t sorted plugs by the beds yet	4
Is that seriously the story? I haven’t googled it. I just thought it was cool as a WW2 buff	4
Oh look, someone who doesn't understand how living languages work.	4
I can’t believe this blatant police brutality	4
Wow. Have that much debit in your bovada account is something crazy. Props to you	4
ohhhhh my gosh	4
I can’t believe I’m agreeing with [NAME].	4
It's a miracle	4
Because his reconnaissance is not unique in any way. Literally everyone who saw that movie thought that was surprising.	4
HAHA so sorry. I've had a very slow day at work. Been hitting F5 repeatedly. Was surprised it wasn't already posted.	4
Oh [NAME], someone did it already, and it was 3 DAYS AGO O.O	4
Wow, whereabouts in Croydon are you it wasn't this bad where I am! 	4
Hey guys. Just made some dinner. Came to see the game and check ohhhhh my god.	4
Wow either [NAME] misspoke or I didn't hear correctly. I swear he said chainsaw, that is totally different from knife or cooking accident.	4
wow, you guys have a body language now?	4
The comment was so terrible. I can’t believe it made the final cut.	4
Happy cake day!!!	4
I wonder how [NAME] prepares his food.	4
That literally doesn’t even look like her omg	4
Wow another person in Dunedin uses Reddit	4
Can’t believe they actually got married. What a joke	4
[NAME] said Monday was Columbus Day and those two bought it. Unbelievable.	4
Wow! You are close to me in age. I would never do that.	4
really thought he'd hit a bird for the longest time.	4
Everybody talks about this but I wonder if it increases the chances of prostate cancer. Do you know?	4
[NAME] just think of how overworked her liver and kidneys must be!!	4
I mean I like the park and I was surprised by that poll too	4
I still can't believe that dude in Whangarei is still allowed to run his business. I wonder how much longer he will keep it up.	4
I wouldn't be surprised if the Cheetos dust was coming out of his sweat.	4
I can't believe he told that story. I'm sure the minister that released the water is now so totally regretting not asking for a bj!	4
I’m actually suprised they all didn’t follow him and now they all have to repeat junior year.	4
Omg, there is a wallet made out of a dead squirrel on that sub! *SUBSCRIBED*	4
Yikes on the sauce!!	4
This is a person who has clearly danced a lot, I wonder what happened 	4
I CANT BELIEVE HER WIG STAYED ON WITH ALL THAT CAKE!!!! [NAME] tape really does hold back all, y'all. Alaska who?	4
Wait there are more psychopaths in this world than are diagnosed? Color me shocked	4
Oh my *FUCKING* **GOD**!!	4
Omg I really thought it was a new word for me, not debacle 😂😂😂 she didn’t even try 	4
Oh baby a triple!	4
Ohhhhh. *That’s* what that was.	4
Anyone else see her 10 year challenge post today or yesterday. I'm so shocked she wouldn't pick this picture.	4
wow! trust issues.	4
Wow... drug smugglers will always find a way I guess. I bet that took a ton of work	4
Oh yeah its that other chick who looked way to young to be in highschool	4
Believe it or not, but I saw that he's a college instructor now	4
This is so aesthetically pleasing. Wow. And yum!	4
Wow. Yeah does your place autograt at 8 or more ? So sorry 😐	4
Wow, so that means common tongue isn’t English!?!	4
Oh my gawd. WHAT?	4
*Well well well, if it isn’t [NAME] the platypus. Totally unexpected, and by unexpected in mean TOTALLY EXPECTED!!*	4
Damn, for real? I'm 250 and drink regularly, if I pound two beers in under a minute I'm good for a little while.	4
I've never seen a more adorable tumble	4
OH MY [NAME]	4
what a bizarre post omg	4
OMG the ones they sometimes sell that are just one giant piece. LOVE	4
Wow, I'm glad he's okay.	4
Life must be difficult for her then, I'm surprised she can leave her home. Hopefully she finds help if she wants it. 	4
Very surprised he didn't frog leap at the guy the close the distance	4
...holy crap.	4
You guys will be shocked to know it is another cut of the Ga Spa vid.	4
Wow, kinda lame that if this true, most of us probably don't know about it.	4
Actually pretty surprised that they made it fit as well as this.	4
I'm beginning to wonder how I lived before without these daily posts.	4
I'm not on it I was just wondering for the sake of knowing.	4
We don't know anything yet till it happens. It's great to see everything think they know the eliminations order.....lol. you will be shooked	4
Wow calm down	4
the father sending up 4 donuts every morning via stair lift to dtr, before she even comes down to breakfast, wonders if he is enabling her.	4
Surprised they aren't already doing this kind of stuff for Zion.	4
I was honestly shocked when they denied an overpayment, especially since after the charges cleared it would have been a $0 balance.	4
oh man another year	4
Wow so much younger but he sounds mature	4
What? They all look entirely different. Yes, they are all handsome, masculine men, but that's it.	4
I’m surprised nyxl hasn’t done that with their overloaded dps roster, but a possible upcoming import limit might be the issue	4
Oh, did you not know [NAME] is the highest graded overall passrusher in this class? At any position!	4
Oh my [NAME] stop	4
There's a surprising amount of [NAME] in this thread.	4
OmG pEyToN iSn'T gOoD eNoUgH tO hElP uS iN tHe PlAyOfFs! Dumbass Broncos fans circa December 2015.	4
What?! And you’re not a vegetable?! /s	4
I was wondering what that was and now, I need to go get some brain bleach.	4
oh my [NAME] easily one of the worst sounds aaahhhhhh	4
Wow random irrelevant internet person has the secret goods on [NAME]. Maybe we’ll finally get to the bottom of this birth certificate thing...	4
wow! thats... a lot of water my dude was your bladder ok	4
Wonder how the iPhones working out	4
Oh nice I was wondering if you could mix flavours. I'll still stick to mint though 🤷‍♂️	4
What have I watched ?! My eyes!!! Mom!!!	4
Oh my god.... They used [NAME] voice!	4
Wow really? I watched a fair bit of KR Contenders. I guess I just wasn’t paying that much attention.	4
"""My dyslexia read that as """"McFucking brilliant"""" and I was wondering if we could make it a thing."""	4
I'm shocked you still have service. Mine doesn't play, they are cold. 	4
Wow! There's no reason for this comment!	4
Look what time it is. It's Fuck You, It's January!	4
Just wondering why they called the cops but not an ambulance seeing as how he was covered in blood and disoriented.	4
How she used the entire video without any editing.... that’s copyright	4
Wow, the menacing head shake...(shivers) 	4
Wow, are you me? No one is a fan of season 1 but I definitely do this. There are little gems despite [NAME].	4
Wow I never noticed that either before you pointed it out	4
[NAME] fucking [NAME], that man is enormous.	4
oh [NAME] what did i do	4
Oh mah gawd!!	4
According to the filmmakers, it was the same Brachiosaurus that awed the characters in the first movie. ;_;	4
Oh my [NAME].	4
>This weird exploding ice [NAME] I haven't seen before? Wow. I... that's some ick right there.	4
**WAIT THAT WAS A REAL STORY!?!?!? WHAT THE FUCK**	4
Right. I’m surprised everyone thinks he’s so cute...	4
I'm surprised that the police have not send her to a mental institution	4
It was such a strange error.	4
Surprisingly, not a lot of people know though.	4
sometimes i look up at the stars and i wonder if [NAME] is masterbating to our conversation somewhere out there	4
I just can't believe she had the nerve to call both [NAME] and [NAME] low ability	4
Wow. I just read the synopsis, and that’s really what happens. 	4
Oh my good lord. I just somethinged over his highlight reel.	4
Oh my gooooooooood	4
Ii can't believe you just said that!	4
My [NAME] this Administration is somewhere between the mafia and the three stooges	4
It seems strange to me that [NAME] is still unsigned this close to the season.	4
Is this a real thing!?! (I am clearly very sheltered)	4
That helps. I would've never guessed you'd style mannequins.	4
Wow really? I would think that UK bases would be the last place we'd have protests at.	4
It continually amazes me how many people don't understand this.	4
I remember hearing a story about this type of highway camaraderie once from a trucker who helped a woman escape a man... wonder if it was your mom	4
Really? In real life, she's wearing comfortable clothes with no makeup. Other than that she looks the same.	4
I'm surprised she could operate a suitcase.	4
Ohhhhh that couple!	4
The fact that she told you your sex life is over is insane to me.	4
Wow,29 turnovers. Something to talk about	4
Not one bit surprising, yet also not really a men’s rights issue	4
OH MY GOOSE! You got my super obscure reference! I literally squealed out loud when I read this comment.	4
I can't believe people are saying [NAME] should have been saved, she knew like 10% of the words	4
Oh really? I didn’t know someone else posted it haha Edit: just looked and someone posted it right after me	4
Man, I can’t believe we traded all that and didn’t even get a top 10 guy	4
Omg I could cry at this	4
Omgz rite?!!1 updoots!	4
Considering that the majority of people who play poker still open limp, I'm surprised these posts aren't more common.	4
Breaking News: Man Write Op-Ed About What’s Bad For Women	4
That's really interesting! I've seen that happen before too	4
Stranger things have happened.	4
omg i cant believe that nifty is still a thing	4
Had a stroke reading these.	4
Omg my 3yr old kept rubbing it all over his face the other day too!! 😆	4
Wow 4K!DS Kaede looks kinda decent	4
I was wondering the same thing	4
I think they’re gonna keep her a surprise.	4
You were shot by a Vigilante!	4
Oh shit. Is back?! Time to import	4
Considering you are also a child, I can't say I'm surprised by your edgy hot take.	4
After hearing weights drop - I can't imagine they're that good for the floor....	4
It wouldn’t even have been a month yet though... I can’t believe this bootlicking nonsense is upvoted here. [NAME] supporters everywhere these days smh	4
Oh [NAME]... now you’re stealing my lines.	4
Well, I bought cheese when I went, and was shocked at the great variety and lower prices. That probably skewed my view.	4
Yes but that's largely changed in much of the US (the coasts at least). Surprised a state or two hasn't legalized it	4
"""""""Yeah look"""" like a toddler being surprised by his own genitals"""	4
And they wonder why they don't seem trustworthy. Maybe someone should tweet about it and they'd notice.	4
There are so many posts from [NAME] on here it makes me wonder what people think wholesome means.	4
Wow. You don't have any self control?	4
I'll be shocked if humanity makes it to 2100. But yeah. It's a miracle I'm alive since I had the toe on the trigger.	4
0 <----- This is how many people were surprised	4
I’m surprised alcohol isn’t entirely sold by the state like it is in many states in the East.	4
The level of denial the top boys reached was astonishing.	4
Omg! An attentive parent actually teaching their children to safely handle guns! The horror!	4
I wonder if Belpedio will get a chance up here at some point.	4
I’m the most surprised that [NAME] is 35. Seems like just yesterday he was plotting with [NAME] on how to get booze for the party	4
Wow this team has no clue what to do against this right now. There has to be 15 turnovers already.	4
Oh wow, that was a serendipitous ending! The weed saved her life. 	4
Technology bad!	5
Translation: you should see her vagina! She can't fight you off! The double entendre is more than a bit unsavory.	5
I have seen some terrible minion stuff, I thought I've seen the worst of the worst. I was wrong...I was horribly wrong.	5
He really would be. It's not even an abortion anymore!;It's just post-birth killing!	5
I wishhhh. She’s honestly what started getting me the fuck away from centrism	5
I read it as him taking her virginity. Raping her...unless it was consensual and she WANTED to lose it.	5
Yeah, all the stun cannonballs are horrible. 	5
You’re an awful troll...	5
That thigh gap not cute at all	5
[NAME]	5
Damn... that’s another thing I didn’t even think about it. Probably the biggest reason why people shouldn’t steal food	5
I may have awful taste, i would want this cake	5
There must be some awful things happening right at this second	5
That was nasty... but also the most real thing I’ve seen on the show lately.. lol	5
Which is weird because it also looks like dog treats	5
>it tasted horrible to use. Eating some of that right now. No regrets.	5
I hate poetry	5
It's a shame that so many experimental psychology studies are still using such dubious statistical practices.	5
21 million went to [NAME] throughout his tenure…ridiculous	5
The worst is working with dealerships	5
You are disgusting.	5
Shameless karma whoring.	5
>+. I’m in my early 3 Exactly This. It's the worst.	5
Seahawks fans are very bad at just taking the L.	5
This offense is just painful to watch.	5
They're all bad enough to be lumped in to the same category? You either have very high standards, or none at all.	5
*Ugh..* You are 23 and not married - leave.	5
But really Vanilla Ice is scum RIP [NAME] and [NAME]	5
This is a weird thing to be concerned about.	5
A fuckin men	5
First thought: OHHH FUCK FUCK FUCK!!! Okay, time for me to submerge and introduce this MOTHAFUCKAS EYE BALLS to these hands	5
I feel awful posting it, but I couldn’t not share :|	5
I watch his YouTube stuff. It's gross!	5
Vans are ugly as hell. You just cant make a Minivan look mean. Also why are they trying?	5
It's a self-identifying group, and they have killed quite a bit of people in their crusade for revenge. It's both absolutely pathetic and absolutely terrifying.	5
Women don't want their own shit. They want our shit. ---- [NAME]	5
An attractive woman falling down and exposing her butt. It's weird that he'd go so 0 to 60 on such a thing.	5
Hi from a former [NAME]! Enjoy all the snow this weekend, we're barely getting anything in Iowa, which is frankly ridiculous. 	5
Your age difference is incredibly creepy.	5
Could have been worse if a piece of metal exploded into him instead harmlessly on the beach	5
This shirt is directly aimed at some very ugly individuals	5
That looks like total garbage.	5
This wasn't him forcing her to get an abortion or breast implants dude like seriously you are being pretty ridiculous.	5
Oh that's disgusting, this man should be sent to priso- ohh, it's America, ok then, feel free. 	5
[NAME] fuckin sucks	5
yea so disgusting	5
What an obnoxious, drunk girl. 	5
He was an awful HC, is in his 70s and has repeatedly said he doesn’t want to do it again. 	5
Yeah the non guarenteed packs are really the worst. I think I did 2/20 on those.	5
It’s ugly. Bye bye and good riddance.	5
Talking about scary foreign people spreading disease is a classic xenophobic trope. Vile.	5
This thread is one of worst things I've ever read	5
The absolute worst!	5
[NAME] they need a union so badly.	5
When are you and dad going to pop out a few baby-mammas for us boys, huh? And that's the *less* disgusting alternative. Blech!	5
He likes an old song and is young DISGUSTING	5
He wants to make excuses for his affair and I doubt you'll feel better after listening to him. In fact, you may actually feel worse. 	5
This is his worst season since his rookie year	5
I was thinking that as well after I posted. Some nasty stuff settles on ceiling tiles.	5
Did I say he was a scammer? I said he's disgusting and there's nothing endearing about him at all. Not surprised this subreddit is defending him	5
This joke is disgusting and offensive. Dictionaries don't contain proper nouns!	5
Disgusting amount of oil.	5
Minor league team names are often embarrassing...Biscuits, Rumble Ponies, Sand Gnats. Baby Cakes is particularly awful though, I’ll grant you that.	5
They understand alright, they just don't give a shit. Bunch of fucking scum.	5
Same. All other map on OG with SSD were fine. [NAME] drops and it's terrible.	5
I like the new colors significantly better. Old ones might have been some of the worst in OWL.	5
Even if it’s available 24/7 on your new website 99% of it is ugly so people still won’t buy it.	5
[NAME] clan needs some fucking therapy.	5
It's a statistically slightly worse ICR, take that as you will.	5
I hate these cakes so much.	5
oh, ive seen that, ugh breeders have such weird and confusing minds	5
I’ve never heard of this before. That’s awful.	5
Franz Ferdinand are awful too	5
And that wig is awful	5
Ha, I just saw that highlight. nasty	5
Don't forget the awkward tomboys.	5
This might be the worst FO in Orlando magic history	5
[NAME] said it best. Un-fuckin-believable bro	5
I’m a big Spider-Man fan and this looks terrible compared to Spider-verse and the PS4 game.	5
This is the worst thing I've ever seen. Take my upvote.	5
Weird way to type YYYY-MM-DD	5
That's such a selfish mentality to have.	5
you just use the word weird like that's all there is to it. weird isn't the issue. the issue is garbage	5
If the kid knew what she had on her mind, he's been corrupted way too young..	5
The main reason I left is a hidden mmr used to influence matchmaking in a mode that requires a paid entry. That's disgusting	5
Just hearing that thing's carapace sliding around and it's feet hitting the ground would make me vomit.	5
I hate people who have the blinders on when it is one of their friends	5
"""Lmao """"guys I was *coerced* into sending her a picture of my junk"""". That just sounds dumb as hell """	5
Aghh bacon is actually the worst. The smell of it is soo disgusting you can smell the dirtiness	5
There would be a lot of sexual tension in faze...	5
Dear [NAME], please help [NAME] be less disgusting. Amen.	5
FINISH ON HER!! Seems way more appropriate for a sex doll	5
You can't be worse than [NAME], your hired!	5
Damn, that was dirty.	5
That’s beyond disgusting in every way.	5
And even worse after 40 years!	5
I'm sorry. Now my entire bad pun looks even worse than it did when I started.	5
Twice in that article he implies these minority communities aren't ordinary [NAME]. It's disgusting.	5
You’re right, republicans are worse because they have nukes.	5
Their numbers seem large because they get so much publicity. But I suspect that even most young people find that ludicrous.	5
Now this is poke choking!	5
The finest example of an egotistical, ignorant and racist piece of trash. Humans like this disgust me.	5
oh thats nasty!	5
That's disgusting. Apt.	5
i once dipped a raw hot dog in chocolate pudding when i was dared too. it was dreadful.	5
He was horrible	5
FYI your boyfriends fucking her too.	5
"""ick! That makes me feel gross. I have """"Addison's Disease"""". """	5
The Tommy Gun as a crate weapon! Just the worst feeling.	5
Some bioshock shit right here.	5
This is so creepy. Good riddance to awful rubbish.	5
weird how they feel the need to announce themselves	5
That's the worst urinal ever.	5
I feel you, names are the worst. 	5
That's awful. I'm glad [NAME] doing better, but he might have serious trust issues for life. 	5
Upon reading I find this to be fake news and I'm disgusted to learn she writes for the age	5
Her husband is disgusting. I can’t even look at the cute baby when his face is in the shot.	5
And then in a weird twist her family tries him for murder. Haha!	5
Huh? Mutts are usually healthier than pure-breds. It's the pure-bred dogs that have weird genetic issues.	5
*She. This was posted by a woman, apparently. Its just as disgusting either way though.	5
tobaccy is nasty	5
Worst deal on the leafs right now easily	5
It seemed weird to me as well. It's just 10mcg of cyanocobalamin with some fillers like corn starch and celulose.	5
Makes me want to go shit on the doorstep of 540 Hampshire Street (Good2go HQ)	5
.... That literally made my stomach clench. I can't believe they are charged for the samples... Just eww.	5
Because [NAME] was playing awful in the first two sets. Absolutely terrible.	5
Puppies in 95% of cases. Sorry but some dogs are ugly no matter how old they are.	5
That's bad	5
Worst case scenario here is he dodged a psychopathic bullet.	5
Right?? It makes no sense she’s horrible	5
Disturbing =/= awful. Its incredibly well done by a professional. I feel like this sub is more for unintentional awfulness, not purposeful shock value/ theatrical makeup.	5
[NAME] is worse.. [NAME] is really bad as well..	5
Honestly I’ve seen kids that age do really gross stuff	5
Hulu is awful for this. The volume on their commercials is deafening.	5
dae [NAME] IS MOMMY FUCK MY ASS WITH A BACKHOE MOTHER YES GAWD *tongue pop* WHAT A TALENTED ACTRESS BUT ALSO PARENTAL FIGURE	5
Thats awful, I'm so sorry for your loss	5
The SJW community. I hate it too cause they are the ancestors of the Civil Rights Movement who where absolutely awesome	5
It’s disgusting	5
Sticking his tongue out.... ugh	5
I gagged at unwashed zebra hoodie.	5
This is going to be a disaster	5
Opposing ethnonationalism and private property is hardly a weird hill for an anarchism to defend	5
Not out of a trash can though, surely? That'd be disgusting.	5
Also the fishing has been terrible for a month now. I am about to take the 5 story jump my friends.	5
That's awful. If I were a celebrity, I would probably do the same.	5
If Ww3 breaks out in northern Asia as people expect. It will make things worse for you guys in the states - not better	5
Honestly, this would creep me out a bit.	5
I do not see how that is disgusting. She's cleaning her self and had a discharge, so what? 	5
Genitals in general are just kinda creepy, fleshy bits.	5
Apparently, he can't just have sex with anyone because he needed to rape someone.	5
Oh thats weird. It opens the google maps app installed on my phone so i dont have that problem.	5
I think it it would have been even worse if that was the case	5
And in the worst fashion possible.	5
Been spamming [NAME] in gold/plat elo, nashors into lich bane then hourglass is disgusting if you play it right.	5
Yasssss. I loathed Harry Potter. Book? Movie? Toy? Board game? Costume?	5
It only gets worse kiddo. Someone call [NAME] and get this girl an upgrade.	5
> it. Just because they're not vertebrates doesn't mean we get to kill them for amusement. It literally does though	5
I get all the deja smells and it's terrible.	5
This is disgusting.	5
Finishing peeing and then still feeling like you have to pee.	5
That might’ve been the worst pass he’s ever thrown. Yikes	5
1) I think my least favorite thing our kid has done would be spit up in my mouth. 2) Vomit is worse than spit up	5
Oh [NAME] how awful	5
Doctor charged 400 bucks for a blood pressure check before renewing my wife's high BP medication. She HAS been acting a little weird la	5
I would agree. It's unfortunate and brutal in its content and in the responses in the thread	5
That was such a bad yellow, he had the height and positional advantage such a bad challenge	5
Malevolent as I've ever been, head is spinnin'	5
This is unironically the worst trade I've ever seen.	5
Ok but what if you hire him into a management position. He makes women feel uncomfortable and a discrimination suit waiting to happen.	5
Right before that he called [NAME] for getting barged in the back and nearly kicked in the face. Weird performance. Didn't change the result mind	5
Predatory towing is getting ridiculous. I have up to date stickers for all the properties I maintain and have been towed twice. Fuck em.	5
He is just awful enough to do something like that.	5
its disgusting where our society is. free tube sites need to be banned	5
The worst is ‘get in a group with someone you don’t already know’	5
that was an awful open shot....	5
WHAT A DISGUSTING START	5
The Square. The gross pretentious privilege in this film made me want to puke.	5
oh gosh i heard about that and though it was absolutely disgusting	5
Weird! Also in Winnipeg, no issues. Do you have a VPN?	5
[NAME] saved by the very compassion in society that he is trying to destroy.	5
No more [NAME] from Georgia. Suck it you old, ugly hag.	5
He gave his 20 year old ex herpies dumped her and she killed herself. He’s an awful person	5
Not admitting you like something because some of the fan base sucks is pretty pathetic.	5
It's weird because sometimes I care and sometimes I don't. Although I wouldn't call myself an asexual I could be leaning more towards demisexual.	5
The foul, smelly dump I just took > fallout 76	5
That’s part of why I hate porn so much - other than the exploitation of women	5
I know, that's why I said one of the reasons. The main reason is his uselessness when your team is bad	5
Not surprised, damn that sucks. Concussions are awful.	5
There’s a weird [NAME] version of this where the person falls and finds [NAME]	5
I'm more than sure we [NAME] lovers feel the same way, her outfits are awful	5
A derogatory term.	5
There has been the odd occasion without condoms. No deep penetration, but never the less. Some. I feel awful.	5
These disgusting old hags are literally old school flesh-consuming ghouls. Like [NAME] or [NAME].	5
Holy shit they fornicate like rabbits!!	5
Lakers running an awful lineup and [NAME] was too dumb to change it after the timeout. Thibs levels of Stubbornness	5
You poor, hideous creature. 	5
This game is actually worse than I was anticipating and I knew it was gonna be bad	5
What a disgusting person she is	5
He drinks all coffee with cream. We already know he’s not above disgusting liquids.	5
Is it weird that I was practically drooling while watching this	5
There are worse things!!!:	5
I’ve lived in Florida. Hurricanes are *much* worse.	5
That's the worst possible outcome	5
I eat crayons I shit crayons	5
Tkachuk - Pageau - Stone is going to be our second line. Absolutely filthy.	5
This team needs to tighten up in the third. Absolutely brutal.	5
I feel like they're blaming the school for them doing exactly the right thing.	5
Even if you were a woman, your personality is so vile and yuck I would happily do 20 years in prison for murdering you.	5
that was a horrible call	5
What I find disgusting is thinking you can be a liberal and a ecologist. Anyone has its own ideas I guess.	5
> [NAME]. You disgust me. But seriously when do we get a real show and skip the constant ad teases.	5
Underrated comment.	5
And I though Glory Kills were gruesome	5
She sounds hideous.	5
wow it’s literally disgusting that you’re getting downvoted for pointing out that she abuses her kids. this is the society we live in, eugh	5
This sounds like the kind of comment my weird uncle would leave on my Facebook post.	5
Ugh. People are the worst!	5
This is my fiancé and I hate it	5
Dear lord this woman is awful	5
"""Really didn't like. I thought it was nasty and mean-spirited. """"[NAME]"""" on ice it isn't."""	5
What the fuck [NAME]! Are you easy to talk to? 29 years and you didn't see it coming?	5
And I thought they smelled bad on the outside!	5
"""[NAME] hears bible verses and is like """"fuck this shit"""""""	5
This is awful.	5
Her comments are disgusting. Reminds me of my mother. I'm so sorry.	5
It was on a washed out road in the at 2am. Which makes it even worse. They never should have been towing that vic.	5
Whoa this is really creepy	5
Having sex with a child in the room is often difficult and boring.	5
what a shame that online sellers have made malls obsolete	5
You dirty scavenger	5
this was hard to watch but i’d take it over the grungy redhead talking about her full tummy 🤮	5
> traffic through there in the summer is awful because that’s where everyone wants to be. your life starts to revolve around bridge time.	5
Being disgusted at disgusting things is grown up.	5
This is disgusting. *secretly gets horny* I've had it with this sub. *opens new incognito tab*	5
The real villains are those aware of the cruelty of life, but then reproduce anyway.	5
Yeah I've been finding it so hard to not eat everything in sight since Christmas. I'm still staying under my TDEE, but I feel nasty. 	5
But the battle dynamics are sh*t. Every other ME is better in that respect, especially the squad AI is bad. Really bad.	5
I don't think eating 4chan pizza is a good idea. Unless you're into some weird shit.	5
It *feels* unethical?	5
You're too ugly to even bully	5
Like the poor redhead in True Blood that got vampired as a virgin, but worse.	5
creepy, the only way to make it more creepy is to leave it on her bed stand table to find it in the morning. 	5
Yeah, 16 yearolds being attracted to other 16 yearolds sure is creepy... 	5
Bidets are disgusting. In america, we use toilet paper because our plumbing systems can take it	5
That is disgusting. No one should act like that to you. I'm so sorry that happened.	5
What the fuck? Really? That’s horrible. That’s probably illegal. If it isn’t, it should be.	5
No. It’s not. This is disgusting behavior and anyone who supports it is a fool.	5
Self defense should be, and this man sexually assaulted this woman.	5
True, but it all started under [NAME] and will get even worse if Labour manages to get into government. 	5
We're worse to animals than we were 100 years ago, js.	5
And Meteor Man Edit: Hancock was a superhero movie too even though it was terrible.	5
They’re disgusting people inside and out	5
Completely disgusting.	5
It's the worst when it's something you are passionate about	5
His hair looks fucking horrible 😂	5
You were inebriated and eating ratshit.	5
Jurassic world fallen kingdom was awful after they left the island	5
I'll take the Akot 3 but man that shot is ugly	5
Disgusting making [NAME] talk to this fat moron	5
I woke up drunk and mouthy	5
Sucks that [NAME] was a straight positive in important minutes and hasn’t seen the floor since..	5
You would know if you weren't such a Filthy Ricefield Peasant.	5
The more you wind me up the worse it gets for her later on	5
So prison isn't enough? You want him raped? That's disgusting.	5
There is nothing more disgusting than those who put children in danger unless it is the people who allow them to do more harm.	5
I can’t believe you’re comparing drug use to interracial marriage. Racists like you disgust me.	5
Being a [NAME] is no different from being a [NAME]. Both have caused genocides. I hate how our society only focuses on one though!	5
Thats pretty lewd.	5
What's worse is using self destruct without the pilot DLC. You just die :(	5
What a load of crap !!	5
The fact that this statement got downvoted shows how worthless some people on here are.	5
The irony that most of these disgusting things wouldn’t have made it through the winter without vaccines	5
The way colt talks in that weird calm voice is like a psychopath. I hate it. It’s so condescending and creepy.	5
>recommending Elite mode to first time players My stomach turns in disgust	5
The double standard. Taking pictures of women without their permission is taboo and creepy.	5
youre a disgusting piece of filth.	5
Perfect example of the disgusting misuse of ‘Orwellian’ on this website	5
Damn that was ugly	5
thats the future right there, robots trying to help but destroying your whole home in the process. 	5
“WTF, He helped me? ...I’ll eat him last :)”	5
oh [NAME] this is horrible	5
That is beyond disgusting.	5
Seriously? That’s so frustrating. It was [NAME] time to go, some of these “fans” are disgusting.	5
Yawn. They’re toxic together and their only trait seemed to be getting naked together.	5
Damn. Your bed must stink	5
Literally all of them have said and done MUCH worse than anything [NAME] has.	5
At the time, pregnancy out of wedlock was a stoning for having extra marital sex. 	5
That's awful. But I am proud of you for calling him out.	5
The 2nd worst president. First time i voted. Been trying to live it down ever since	5
one of them shotting 22lr if I recall? Heck most the worst used a pistol ether exclusively or with a shotty too	5
Sometimes people that are around each other a lot just get to be friends. Sometimes people ignore that their friends are actually terrible people.	5
You're an awful human being.	5
Pure unadulterated hatred. It’s disgusting.	5
Yeah yeah science, but I never said anything about meeting forcing him. That's disgusts me.	5
It's like Guatemala, but instead of the US it's Mexico... disgusting 	5
This is really disgusting, the 4x4 community is one of the nicest around, Shame that a few c*nts gotta do shit like this.	5
Sex is gross and gross things are immoral to conservatives unless they are doing them.	5
SHUT THAT SOFT ASS SHIT UP	5
I just saw a snot nosed brat eat a croissant on the subway and got crumbs all over and the snobby rude mom left like nothing happened .	5
This is why I clean my belly button every day. That’s disgusting	5
Sports are fucking garbage. Basically just religion but with jerseys and beer in public.	5
Weird headline. 2 children per mother would be expected to shrink the population.	5
What was the original post? If it was as awful as this one my comment would still apply!	5
Disgusting. Truly disgusting.	5
Ugh, [NAME]. Gross. 	5
If you are as ugly as you say you are, you're already a statistical outlier.	5
Well, I knew that a lot of people don't trim their bushes in the eastern suburbs, but that's ridiculous.	5
That was truly disgusting	5
Anyone else not like optics logo this year. The 2 greens look awful	5
What a garbage post	5
Good [NAME] we look horrible	5
So THIS is the Bad Place!	5
my little abomination	5
One of the more disgusting virtue signals I've seen	5
We cant even get sexually assaulted without them claiming we're gross fetishists	5
[NAME] these things were terrible. i presume they still are. #teamlemoncreams	5
This post is bad because the only good phone is the Palm Pre 3 running webOS	5
How disgusting. Those vile people can burn in hell!	5
(apparenlty) a lawyer sending incriminating text message to a paralegal. this has to be really bad lawyer...	5
Such a nasty woman	5
Then there you have it. From everything I have seen thus far, this game is doomed. I hate saying that.	5
There is an actual subreddit for cheating. It's disgusting.	5
If she is an INFJ they can be quite caustic and verbally abusive at times.	5
I swear of all the people that dislike artifact, the gwent crew is by far the most obnoxious.	5
When it’s read this way it’s way more badass. The way people normally quote it just sounds stupid.	5
Its hard to look at. Its just gross.	5
Yeah this angle is nauseating.	5
That looks absolutely awful. On the good side, whoever made it, can only get better.	5
I was skeptical about it being huge but damn..	5
those pictures of [NAME] are real, he's on Crashing and the way he looked in the premiere was just awful.	5
This is the worst meme format in the history of meme formats, maybe ever	5
Yeah this whole thread is gross. Calling a little kid trashy or misogynistic or sexualized for liking to play dress up is just creepy and weird.	5
Do your worst. The tag just describes your views. Could have been much more vicious.	5
You like [NAME] but dislike [NAME]? That is weird considering that they both are on the same low level of intelligence.	5
I could go, but honestly, it is the worst place on earth. I have 0 desire to do it.	5
Take a shower brother, i can smell you through my phone	5
Troo, troo....worse eban dan eat pizza wif aht a ferk. 	5
Yikes. She sounds like she's one bad grade away from shooting up a synagogue.	5
Newsflash: Ugly people cheat, too. Cheaters cheat. Cheating is a behavior, not a look. 	5
the trajectory of that is really weird! But [NAME], that guys arm, hand, possibly head is not liking the next .01 second!	5
No I've been here for 5 years :( it's just gotten worse and worse	5
That was the worst power play I’ve ever seen	5
New Title Idea : Man gets assaulted for voicing his (albeit awful and disgusting) opinion.	5
Yeah we're just awful. Sadly that's too friggin' true just now!	5
The scorpion one on the swing set looked so bad. I think I heard her back break/crack.	5
Oh so you're being a troll, good to know.. I actually thought for a second that disgusting, freak couples like y'all actually existed	5
Oh....yuck	5
Reddit culture is truly the worst.	5
Benzos do not help anxiety long term. they make it worse	5
I am an atheist and the idea of a god makes me disgusted and angry so I prefer not to be religious	5
Praise [NAME] your taste is bad /s	5
A new mattress if you can swing it. Company provided mattresses are typically pretty garbage.	5
You are BOTH awful people.	5
To make money from money is disgusting and is screwing up the economy.	5
>testing teenagers for four mystery roles Oh good lord. This is going to be even worse.	5
What a disgusting pair of human beings, if you can even call them that	5
[NAME] these are hideous	5
But OP said her life is ruined because 'muricans are bad.	5
Man, and I thought the princess and the toad was an odd story	5
that this ridiculous comparison is this detailed and explicit makes me think the whole beating-a-little-girl-thing is part of his disgusting sexual fantasies.	5
The menzingers are sick, good luck out there bud	5
I hate that. PC is way better for using the internet. I also hate how all the important features for the website missing on phone version.	5
And yet, it’s bad to manipulate people. Which is what the in laws are doing. 	5
You're gross	5
God [NAME] is awful	5
Such a shame. Her butt was pert, cute and perfect in her Vogue days. Yes, I am showing my age.	5
Omg this is repulsive	5
I’d tell her nothing, that freaking weirdo would just never see my kid. The End. Disgusting.	5
Out of all the seasons I definitely feel the worst for her	5
Once again if you base your worth/purpose on some base primal act, you're pathetic	5
Can’t be worse than last week	5
Because bullying is a way to enforce social conformity, and discourage people from being different. 	5
She reminds me if [NAME]. Half haked pictures with vague sayings. Ugh	5
Omfg the worst!! want to pull my hair out!!	5
Tfw when not only is it tiny, but it’s damn ugly too. :( 	5
Freedom? Not in New 2013 and it’s gotten a lot worse since	5
she usually sits below the bathroom sink like a fuckin weirdo between 9-11 pm but she'll be free after.	5
[NAME] is a terrible writer, a raging narcissist, and not an actual friend to anyone. 	5
He’s bad	5
That sounds awful. Glad its from 4Chan, so I know its fake.	5
Pins are given out? My store hordes that shit like there’s a coming apocalypse and pins are the only thing that will save them.	5
[NAME] was such a nasty POS. In his dirty wifebeaters with his malt liquor. “Men have needs...” He disgusts me.	5
I saw the video. It was more awkward than anything.	5
Yeah, it’d be weird to have two green arrows running around. 	5
I’d say this is spot on. He’s not sorry he hurt me. He just wants me to shut up.	5
It's the top comment. How weird.	5
Got boarded, ejected, and ship damaged... very poor tactic.	5
The one in WA state. For some reason Vancouver BC is really close to Vancouver WA. It's weird	5
Long straight hair on the face is going to look quite odd I would guess.	5
The dad is like ARE YOU FUCKING SORRY Jokes aside, good on the dad and the 2nd pissed off dude Tryin to make a change :-	5
That looks disgusting.	5
This is the worst advice I've ever read. You should be ashamed for posting it.	5
I swear these people would try to sell shoes to someone without feet.	5
It's a song reference. The lyrics were awkward so one of my FB friends made a meme	5
I suppose. It was just weird how they went on a NASCAR tangent for like 3 minutes lol.	5
I use to work in an office near a 24hr McDonald's. The smell of the place when walking by at 7am was stomach churning.	5
Just gonna be mean here, those are all hideous :(	5
It was a bad one, and you should feel bad. 	5
I'm gonna say that I hate Randazzo's because of their terrible icing. Haydel's is decent and ships.	5
This is disgusting.	5
I grew up in a Cornish village. Not much murder to be honest but plenty of drugs and pub lock-ins.	6
Fans of sonic are big fans of 90s cheese though.	6
They look like rappers	6
GET IN MAH FEELINS	6
At least it was to her mom and not her dad.	6
Back to where it was.	6
You can see they actually blocked them since the last message is green. That is so messed up.	6
We were by far the better team - [NAME] had no chance on any of the goals. Bad mistakes by [NAME], [NAME], and [NAME]	6
This is my life now	6
That’s what the shake is for, though. 	6
I'm livin' in 3019 over here	6
No foreplay, no connection, if he doesn't know what he's doing. If he asks for a blow job and then refuses to reciprocate. 	6
I used to work in Xtravision and I remember watching one called Cherrybomb - the fella from misfits is in it, as is [NAME]	6
[NAME] got moved cause hes a complete liability in the defensive end	6
Oh, don't cry. 	6
I saw MSNBC talk about her twice and I haven’t really been watching the news	6
You made that up and are projecting your insecurities onto it.	6
To be fair the lore is so nonexistent other than on Ubi’s site you could probably just pretend that’s the case anyways.	6
LIBTARD SPOTTED!!! I CALL FOR YOU, [NAME]!!!	6
"""Anyone else feel like this should have ended, """"Enjoy the ride and there's a Pimento Taco--a Pimentaco--in the glove box?"""""""	6
She is using you for money. You already lost her	6
Photo taken by myself today in a subway car in Bucharest.	6
That was a bitter sweet ending to This or That with Kobe and Jatt	6
I somehow doubt that.	6
OF COURSE. I TOO LIKE EYEBROWS	6
Next up: Raindrops Keep Falling on My Head	6
**Flair *does* check out.	6
Orange man bad ----- > Treason is bad ergo, Orange man is treason.	6
From what I've gathered it seems a dose is about 10-30 mg of THC, so I don't think you'll feel much.	6
I don’t think he forgot. His weight just almost carried him off the sink...	6
I feel like the cameraman is having a seizure or something	6
That'll make it too easy.	6
Can confirm. I've been trying to get out of bed for an hour and 15 minutes	6
If he's telling the truth, he wont' get fired for this. Because he's too essential.	6
Psychiatrist and the right meds help. Just something to normalize those high anxiety days	6
I am sure all the [NAME] had these ready to go since the [NAME] didn't do their job in oversight, let the subpoenas begin!	6
No chance unless he smokes out of a gas mask or suffers a bad injury.	6
Well, that depends on what you mean by cwisis.	6
You don't have a confession then?	6
That is hot af dude!	6
I find that a normal chat in Chinese can sometimes have that effect too.	6
Surprised Greece doesn’t see [NAME] as their own. I mean he’s not from Greece but still Greek.	6
No. Everyone going through the temple that day -- living and for the dead -- all got the same name.	6
the 28% /u/beelzebambi	6
Get dunked on	6
It's not an official licensed promotional company yet, thats why his next fight is under the mayweather promotion banner and his future fights could be as well. 	6
Umm... Wooosh?	6
Possibly. He spent time in the crypts, but he was told in no uncertain terms that, as a bastard, he didn't belong there.	6
Incredibly stupid if they are caving to the anti-gun rights lobby! Not like [NAME] are big fans of gas-guzzling monster trucks...	6
It's good at everything, just need a little rest, Even before [NAME] was a high scoring midfielder at one of the worst teams un Italy	6
^She ^took ^me ^by ^the ^hand... ^made ^me ^a ^man... ^THAT ^ONE ^NIGHT!	6
No bullet dodged this was a traumatic event that will follow this poor thing around the rest of her life.	6
They call her she/her now but they've done a lot of weird things leading up to it	6
As was doctors learning that they needed to wash their hands, period.	6
I imagine that 50 years ago that's exactly the position he would take	6
Anyone that emotional that passes on gains because of some grudge he holds for a coin shouldn't be involved in crypto.	6
It's like how I feel after I eat McDonalds. Satisfied, disappointed, sad, full, tired. 	6
I think this lady has simply gone bananas.	6
[NAME] in the highest!	6
Just googled this, apparently it's like cutting off a human's fingers down to the knuckle..... Your brother's girlfriend is a scumbag.	6
Don’t forget that he’s only 23 years old 👑🔥	6
The NERVE! 🤣	6
Not to be the joke of the entire league	6
Primary is what she has to worry about.	6
Last time I tried exposure at the grocery store I ended up with eight weeks community service.	6
I'm 31 and didn't even have my first cell phone, period, until I was 20. This is just more anthropological fake news.	6
Lets go with sensitive, because what other reason is there to downvote an opinion 	6
What insecurities do you have? x	6
I second this	6
It's like a before and after of a stock market crash with a dodgy investment manager.	6
Most likely, which, as I understand, isn't respected in pretty much any sense nowadays.	6
We are doomed	6
[NAME] Palestine like, IBERVILLE 1995! YOUD THINK THAT WAS AIRSTRIKES ON OUTSIDE	6
Well if he takes his daughter to a nightclub then that’s a bit inappropriate	6
Took me way too long.	6
- (sorry) -	6
Honestly, these are probably things you should have thought about before telling your husband you wanted to separate. 	6
1+1 = 2 1+1(+1) = 3 Know all the facts before you do your maths	6
Gonna hazard a guess they adversely affected the Saints worse.	6
Urgh I feel that. I'm doing an exam next week and I'm gonna have to wait 9 weeks for the results back.	6
We’re a bunch of northerners so that’s basically the norm.	6
That’s what I said.	6
That's not even deconstructed. It's just unassembled.	6
You got me on that one - I did just check and you're right, we didn't actually talk about that particular subject matter. My bad.	6
I’m totally having a fantasy about publicly shaming someone for giving their server attitude right now. Sweet justice.	6
Even this very sentiment! /r/ofcoursethatsathing	6
Thought so, that kind of overt bullying disappears when you leave school, although there is still homophobes but they're more discreet about it.	6
Yeah totally not trapped by belt and road /s	6
i still remember by my first dodger game in 2001	6
A data scientist extracts information out of usually very big data sets, applying statistics and the likes.	6
HOWS THIS HOWS THIS HOWS THIS	6
(insert [NAME] meme) THEFT?!	6
Unsuspecting in the sense that they believe they're in a legitimate clinic and that the person performing the scan is a healthcare professional instead of an anti-abortion nutjob.	6
Oh hey there. You can use my gas stove anytime...	6
I have an older set by what looks like the same artist. They look identical just with a few different players.	6
If they’re not gonna get anyone else with that money then I wouldn’t have minded	6
Low life basement dweller buttcoiner says what?	6
But they're this close to breaking new evidence of Russian interference!	6
It will be too late by then.	6
They do throw you in jail if you go way too fast or get too many tickets	6
Just heard on the news that it’s reopening now. I’m assuming it was a little electrical fire so they evacuated everyone as a precaution	6
Imagine this spreading big time, pressuring them into opening the stadium against us so they don’t look like cowards, only for us to thrash them again	6
Married 3.5 years and we're down to 1-2 times a month. I feel ya	6
Bit odd because plan B was exactly the same as plan A.	6
I can just do it with my eyes open. Is that weird? It kind of hurts.	6
He is [NAME]. That's the twist this soap opera needs!	6
Sweet. This is the perfect article for my question.	6
[NAME] having an adult life, yeah ist tiring. But not exactly new and not at all women specific imo.	6
The numbers in my head were (-90,-120). Upon closer inspection, yours are closer. Those two are added together for Total Points Added, no?	6
If you want an OG Dragon Ball rep then throw in Roshi	6
No amnesiac was my friend.	6
And [NAME] solid one-word sentences	6
Because [NAME] did not create us as apes and yes Science can never disprove [RELIGION].	6
You are going to do the dishes now	6
Yes no one wants your little failed abortion ruining their meal	6
I wish this image stop being reposted for 18 million years.	6
(System auto-corrects Tyranus) - You interfered with our affairs for the last time.	6
And now Episode 9 will be a hip meta-homage to Weekend at Bernie's where they try to pass off the franchise as being alive.	6
[NAME] looks like original [NAME] and [NAME] had a love child together or like ran at each other and morphed into one being...	6
It's nothing compared to how scaled down tyreal's wings are: Look at just how massive they are in this d2	6
or a matter of position you choose!	6
She does, they are best friends.	6
I need to shower after reading this	6
Are you kidding? Most of them think leaving the EU means we get our old Empire back!	6
Its just coming out now...	6
Don't kiss your doorbell! Or anyone else's for that matter...	6
So, he was partly an average product of his time, and partly a terrible, notorious man by the standards of his time.	6
RemindMe! 3 Days	6
> N.E.R.D. & [NAME] - Lemon > omg this came out in 2018?	6
My father actually works in McDonald’s headquarters and he said they were shocked when the video came out, they had no idea.	6
[NAME] this makes me feel ancient.	6
We aren't even buying it's loans and still nobody has been signed	6
here we go Mr. Detective u/Jakurton	6
Seems more first thought is to stop and make sure to call 911.	6
[NAME] was seen walking into a doctors office in NYC using Google maps for directions. That screams 2nd opinion if I ever heard one	6
Ground vehicles too it seems. Obviously wouldn’t be a problem if the game shipped complete with proper vehicle customization.	6
They don't remember anything that happened before November 8th 2016. We are at war with orange man. We have always been at war with orange man.	6
I see you arent familiar with Game of Thrones. I've lived through this before. This fan base will be obnoxious.	6
In a CNBC interview he said due to the current events he identifies as an independent.	6
Clubhouse distraction when you can't finish between innings and you still have to go out there with a full mast tho	6
I don't remember this song at all I had it on psp back then.	6
It kind of was for some people.	6
Let's get skinner locked up for 8 years first. Don't want to upset him before he signs	6
is there a satire flair for this sub? because this one needs it	6
I'd say it was a rather critical observation, so yeah, scrutiny.	6
Life as a chef= late nights with booze and strippers.. wife doesn’t approve of it but hell with her somebody’s got to suck it🤫	6
Don't play dumb, there are political parties that promote liberalism and conservatism as their main philosophies.	6
> Origin Peak is a volcanic island less than 2000 years old! Volcanoes can appear VERY quickly...	6
I’m guessing theyve been together for a few years and once she was no longer a teenager and it wasn’t as risqué he lost interest.	6
I'd rather watch [NAME] chuck threes	6
When I was in high school, a girl told me I looked like [NAME] from The Little Mermaid. *Ouch*	6
Northern Ireland?	6
22 but still no fucking excuse, he was a grown man who could make better decisions than that	6
It's a gift.	6
I tend to organize better with top stocker but big shit won't fit on them	6
I didn’t read your article but I suppose	6
i'll be waiting for your post about having a crush on a straight guy tomorrow.	6
Yes, you have a butt that won't quit, after all! 	6
It was a 9 bang which was completely different...	6
The functional use could be served by a $5 watch, so that's not really the point.	6
You are a Filipino leprechaun	6
Saw a guy a few months ago in Paris wearing a PSG shirt with [NAME] name on the back. Legend.	6
I didn't call you a [NAME]. Your use of Nazi-adjacent statements is extremely sketchy, though.	6
Apophenia is a symptom of mental illness and makes you prone to believing conspiracy theories and seeing connections that aren't there.	6
[NAME] face be like: “When you wish you stayed home instead of being embarrassed in front of 100+ million people...”	6
Science is measuring what we see. I also notice that you didn't respond to anything else I said, which tells me that you've got nothing.	6
I feel more attracted to boys. It's not a conscious choice.	6
well wj=h [NAME] allows evil and why he burns us..free will cant tmake sese from a god that KNOWS what will happpen	6
Daaaaannnnnggggg!!!! I'm gonna watch your episode. I don't think I've seen it	6
Don’t forget me man, hit select before you hit start!	6
"""""""We're the greatest country on the earth!"""" says not-Canada"""	6
Totally here for [NAME] and [NAME] boxing [NAME] in before he even announces	6
Wait a minute	6
And Tranna for Toronto.	6
Yeah I love can ox, but they should stay in small indoor venues or something. Their music is better for that anyway. Cold vein is classic	6
Also, the Detroit Police Underwater Recovery Team is a thing that I want to learn more about...	6
Most likely they're making their money from the monthly fee. So they don't care when you cancel.	6
This hit home	6
**IITT'SSSS HIGHHHHH NOOOOOOOONNN**	6
There is no your reality. There is only your delusion.	6
Yeah, a couple of quick ones. Seems to be back now (obviously).	6
[NAME] not calling anything so far. Means they will call everything second half. It’s inevitable.	6
At least we can all rest easy that it doesn’t happen in “The Zookeeper”	6
This is sort of wholesome in a weird way	6
But half of the money they made belongs to her.	6
*dun dun* no but seriously, go full no contact with this predator. 	6
I support the most likely to win left wing option, you rather that [NAME] wins? 	6
Because [NAME] is a free agent after this season so he could just leave when this season is basically a lost cause for us	6
Explain to me why you’re not attracted to black men without making broad generalizations about their physical attributes or personalities.	6
The only thing I find disconcerting about this is that you use tongs to stir the pan.	6
There was a commercial about men encouraging other men not to perpetuate toxic masculinity. Of course the Republicans felt it was condescending and anti-men.	6
This spring is so loaded, it's almost too much at once!	6
Not all of them I don't think but he's definitely done a couple.	6
I know a few dudes that would lose it over a gal like this	6
I never thought this fatality fit him, unlike [NAME] or [NAME].	6
S P O I L E R ! !	6
Cars- with my dad	6
*talks about [NAME]* oh also the canucks have never really drafted and developed a star goaltender	6
"""Seriously this """"tastes"""" avalanche is gold I'm cracking up"""	6
He might be bummed but if I could play anywhere other than Toronto my next choice would 100% be LA.	6
And you'd be in prison.	6
Yeah, anyone the team has dibs on and even the team's UFA vets can participate in offseason activities. They have to sign an off-season participation agreement.	6
Keep pressuring the landlord. Threaten to sue them if they don't take care of the problem.	6
Do they not have a tarp over them or anything? They just have to stand out there in suits and dresses getting soaked on national TV?	6
Thats me. Delivering justice two sentence at a time	6
[NAME] looks so defeated every time [NAME] posts him up	6
The Banshee is probably the most horribly mangled of our legends, easily up there with the Leprechaun. At least the Leprechaun was never particularly interesting/cool.	6
Any particular reason or just because it seemed redundant?	6
As a millennial, I think millennials are childish entitled humans. 	6
Bro, it's only game, why you heff to be mad?	6
Can confirm stop interrupting our Shaman bites with your reckless cent behavior	6
This sub needs a damn support group for people that were personally victimized by [NAME]	6
I've debated shaving my head just to avoid this. My haircuts often get stretched several extra weeks because i'm dreading it.	6
Yes.... base on the things I’ve seen on his phone but he said he never rly did it....	6
Go down there and save the world then mother [NAME].....	6
Keep them until November, and then return them. 	6
Roll Tide. In my house is [NAME], [NAME], and then everything else. Or something along those lines. /s	6
Ive mostly only seen positive things, so it should be good for both of us 	6
I hardly ever post in r/bitcoin. But then, r/Bitcoin isn't pretending Bitcoin Cash is Bitcoin.	6
And queuing up to rewatch that series	6
You only had to look on the side bar for those and many more.	6
Hey he's not the one running [NAME] Twitter account can't blame him for that.	6
It makes more sense now.	6
"""It's hard to get hyped for daily type shows on Netflix. They should have a seperate category """"news/current events/editorials"""	6
As far as anal- go slow and there is never too much lube!	6
Golden road is the only place I can think of off the top of my head	6
I always thought it was so it would sound like LGTV	6
That was oddly specific	6
I didn't need that eye, anyway.	6
There’s NO WAY that car is worth 25k - walk away.	6
Our crust is way too active for that.	6
Yeah, but most people who have body pillows don't have girlfriends so can we really use this as a good example	6
Yes, however I did misquote the study, however I've corrected my OP 	6
*made an unusual amount	6
Who ever said [NAME] was the true pope.	6
Your mom did you a favor; now there is one less of “us kids” that will be buying mom a house and taking care of her.	6
I Said that’s it’s unrealistic that he take gear !	6
They just did. Check out the sticky post.	6
This. And Dr. [NAME] told him that he was probably the heaviest person in the entire world at the time.	6
Phew. We can safely disregard anything he says then. I thought he might be talking about another EU referendum. Cheers!	6
...Stuffed Crust **Piz**zah...?!	6
Could or couldn't?	6
theirs a diffrence between interaction and literally forcing someone off the stage. The fact that you cant tell the difference shows how desperate you are	6
These are the only causes that are remotely stomachable for me.	6
I wouldnt bet much on it.	6
He really has us in that first half.	6
My sentiments.	6
it’s a 3 year cegep degree (college	6
So did my fat closet racist uncle in Nevada.	6
Let's do this shit. Michigan first half?	6
"""""""paid text messages"""" And what an odd assortment of districts, most of these I'd categorize as Lean D to start."""	6
Yikes. That’s straight up paranoid, you can tell they were looking through comments for someone to rage at. 	6
Kill em with kindness, as they say	6
Unless I have to see if they look as stupid as their driving makes me think they are. Then I pull right up and stare.	6
Why on earth would you have us over the Bucks.	6
You can get blood from a tissue that's 3 weeks old to plant!	6
This goes back like a decade though. He just has the palette of a 4 year old.	6
Migrants are here legally, illegals aren't. There is a huge difference.	6
Stay At Home Mum	6
Getting raises and heading to Utah to get our teeth kicked in playing 90s style. [NAME] wouldn't have it any other way.	6
It's not about the prizes, OP.	6
And why are they trolling i. The first place? Care to exain the reason?	6
*Peril sensitive sunglasses excluded.	6
He put up a 7 WAR season at age 22 I'm blind to that shit if he with us lmao	6
Watching Shark Tank makes me wonder how so many people even made it out of childhood with their thought process.	6
Haha, not really on a budget, I like the ground turkey suggestion above!	6
You would never attack someone's character.	6
You a probably more attracted to guys but might feel that being with woman is better accepted in society so you wish for both.	6
I was going to suggest that it was likely a 96 or something. I could see how a 96 Dom would be $500 depending on the circumstances.	6
[NAME], [NAME], and [NAME] should make the World Cup 	6
I Am [NAME]!	6
>looses his shit	6
Yes, a month ago.	6
this is one of those mt lebo residents y'all were railing on the other day	6
There are more candies in the picture on those 2 brownies than there are in the entire pack of 6!	6
I feel like you almost have to or else some regulars will try to pull a fast one thinking your a green bean.	6
I can’t even get high anymore cause “alcoholism/addiction” .... At least I have cookies I guess.	6
While Girl Scout Cookies and weed are old friends, I am unfortunately not in contact with a dealer of the latter!	6
Don't forget about random sex	6
It's hard to not love guys like [NAME], [NAME] and [NAME] though. 	6
[NAME] and [NAME] are playing scared today.	6
Kor Is an absolute chad	6
Faze might tbh	6
[NAME], looks promising for seasons to come as well	6
Oh and my heart is starting to back a little spastic but easy to control	6
Nobody uses OkCupid anymore. Go to a bar and pick someone up	6
Get. Paid. Upfront. You'll only learn that lesson once.	6
FUCK YOU	6
Now watch this place decend into the same voidless pits that r/soccer belongs to Bring on the half n half OF scarfs	6
I blinked at the perfect moment and thought no one was going to save that man.	6
Lowkey lyrics right there, revolution or genocide, it won't be televised. Something like that about [NAME] press	6
Um, this department already lost the suit, so they can feel free to admit the wrongdoing and apologize.	6
INTERNAL h265 YiFi ACs eztv	6
For some people this is mindblowing, simple mind, simple pleasures 	6
>Tua gave him a look, like, keep going ( ͡° ͜ʖ ͡°)	6
I just simply cannot comprehend this otherly worldy hoodoo voodoo	6
I had a second date yesterday with such bad breath! I gave him a pass on the first date because we met online.	6
He looks so disappointed in him	6
Let's go get you a Paunch Burger burger, soak up some of that toxin.	6
had to play the Jazz just in time for second half of the season [NAME] smh	6
never used nor needed a stasis rifle in any playthrough, I wanted to feel afraid and on edge Edit: Was my 6th or 7th btw	6
So you want [NAME] & [NAME] to be like [NAME]? That would be so nice.	6
Also a tacklebox is what you keep fishing gear in. Not sure if the football thing was a reference to that.	6
yeah but [NAME] as well? unless she's significantly younger than him.	6
Prove it.	6
Unless you are actually [NAME], this is just douchy... actually, it’s douchy either way.	6
I kinda figured it out after I edited that and reread it all. It then sunk in that I got baited harder than a fish.	6
I meant after he first suspected the incest and told [NAME]. He went to Dragonstone as he was afraid he would be killed.	6
Delightfully devilish, [NAME]. 	6
Doesn’t... doesn’t it take more time and work forging a signature and lying than just.. delivering the package at the front door?	6
MRW I'm just trying to make it through my day and someone brings up Brexit or [NAME]	6
Pop pop!	6
I didn't delete it. Your moderators did. But that's what [NAME] do, they 	6
[NAME] gets called for some of the softest fouls bro	6
"""I think OP said teacher in correlation to how he was using the word """"lesson."""" I don't think they were an actual teacher."""	6
[NAME] article the other day was below contempt. Don't know what I expected tbh.	6
#YOU'RE RIGHT, PEOPLE BEING OUTRAGED BY THE ACTIONS OF A CRIMINAL IS HYSTERICAL!	6
I thought that already happened when [NAME] was confirmed. I was told that would be the end of America!	6
Neglect is a THING!	6
Once they saw the purple hair dye go into the Amazon cart, they got real scared. 	6
ROOMS TO GO LOUNGE TIME	6
Imagine my shock	6
Can’t buy a bucket...just one of those games	6
bruh, in what way 	6
Some old guy was just trying to punch him. That didn't look anything like Kung Fu.	6
hey this isnt too far from me on sheridan. i never see anyone in it really.	6
If I only knew then what I do now.	6
Yeah that look points to body dysmorphia to me	6
That wasn't very incredibilis of you.	6
There’s no room for subtleties. This is a consensual nation.	6
[NAME] says hello! We’re at version 2.0 now!	6
Oh boy here we go.	6
[NAME]: It's also my birthday.	6
Other than the Futurescope trilogy, it is pretty bland.	6
Some do. Some don't. Blanket generalizations are almost always false and unhelpful.	6
If I can be a racist against whiteys, I'd be one. TERFcide and Mayocide.	6
It’s a vegan restaurant called Ipanema! I got a tofu Caesar wrap!!	6
“There it is!- look for somewhere to park!” -ravers upon seeing the bridge every weekend in the 90’s RIP that bridge	6
Bagel Bites?! Blashphemous! Pizza rolls or die. (All joking aside, welcome! And Bagel Bites are freaking delicious)	6
But they're here to ~~buy properties for their family!!!~~ I mean study, they're here to study!	6
It's very hard to be an alcoholic drinking only beer.	6
No scratch. Weird. It's almost like she just popped her pimples and smeared the blood. 🤔	6
He's hot	6
I learned about [NAME] about 1749485 times in medical school lmao Soap helped a ton but it just did not cut it after a while	6
Here's a little comment from the Yellow Vests Facebook page. Not at all	6
WIFE DEAD, KARMA ALIVE	6
#THIS!!! andalsothat	6
Proven defense and offense at 26 years old on a contract that would cover THE ENTIRETY OF HIS PRIME isn't an upgrade over Andújar?	6
I was going to get your guys opinion first.	6
Then check out their full line! You can be offended by all their herring names!	6
Convert to [RELIGION].	6
My two favorite bands are Queen and Panic! At The Disco.	6
And [NAME] would never cheat, either! For shame!	6
But ... aren’t you so super sensitive at that point that you ... um ... burst?	6
i cannot stand babies and i would run the other way which is all kinds of illegal if it's my own, haha. 	6
I see your point as well. I wasn’t the one complaining. I was supporting the one everyone was going after	6
B-b-but we can't tax them or they'll leave the country...	6
Sorry, i actually lied, they thought it was 	6
Her first release, Hello, I'm Dolly, holds up, and Dumb Blonde is probably my favourite [NAME].	6
This is probably why you're not in a relationship.	6
[NAME] forbid I’m actually anti-war and anti-theft and want my vote (or lack thereof) to reflect those philosophies.	6
me:h- y’all: posts me	6
Only if not being a [NAME] is a mental illness instead of a spiritual problem.	6
[NAME] Damn [NAME]	6
#THEIR ONLY 3' ABOVE SEA LEVEL	6
Yeah, the content is bad enough but the financing is on a whole other level of sketchy. 	6
Oh there goes gravity	6
Can always join the discord and submit a vod, would still work!	6
How much less could you care?	6
no I meant, it would appear if I just walk up and have the ability, without doing anything else. 	6
Not just that, but all the adipose tissue is very flammable. Too much can actually cause the whole thing to catch fire in a bad way. 	6
Can I get that glass online?	6
I concur:	6
American conservatism has been stolen by the neo Nazi, bigoted crowd. [NAME], [NAME], et al would vilify these hacks.	6
Only a couple of weeks? Gotta bump up those numbers bro those are rookie numbers :D	6
The deputy declined to identify himself or say what game he was playing. Definitely Fortnite.	6
I saw this 5 years ago on Lolpics Jesus Christ	6
Ask the murderers.	6
Your girlfriend is a woman of culture.	6
[NAME]?	6
I am for socialised health care but how exactly would that solve long wait times?	6
Needles = government/big pharma who are only out to get you	6
No the whippet sound is WUBWUBWUBWUBWUBWUBWUBWUBWUBWUBWUBWUBWUBWUBWUBWUBWUBWUBWUBWUBWUBWUBWUBWUBWUBWUBWUBWUBWUBWUBWUBWUBWUBWUBWUBWUBWUBWUBWUBWUBWUBWUBWUBWUBWUBWUBWUBWUBWUBWUBWUBWUBWUBWUBWUBWUBWUBWUBWUBWUBWUBWUBWUBWUBWUBWUBWUBWUBWUBWUBWUBWUBWUBWUBWUBWUBWUBWUBWUBWUBWUBWUBWUBWUBWUBWUBWUBWUBWUBWUB And then you need another balloon. Spot on with the gunshot though. Just like intense temporary tinnitus.	6
You also gotta be Japanese. If they were into interracial shit with white men that niche would already be filled.	6
It's a bug, don't listen to the pets people. Everyone is just a little to excited.	6
They’re letting teams get away with murder then they call [NAME] for that little touch foul. I don’t get officials.	6
If it were food, it wouldn't be made of warm. 11/10 cat logic. 	6
me too it really b like that sometimes	6
> Has WD-40 instead of blood [NAME] RBG would be awesome.	6
I always described it as, “the trashiest bar in Detroit”	6
[NAME] was arrested for lying and obstruction, to FBI not collusion, calm down lmao 	6
I think it says lanef instead of loner	6
[NAME] seemed pretty pissed at himself for last game and kept saying at the end watching the film inspired him to go hit the gym	6
Also went from being skinny and taking care of myslef to getting chubby, cutting all my hair off and barely showering. 	6
They're currently the opposition party, sadly. 	6
The sad part is, they would do something like this. Totally obsessed with Green Bay instead of improving draft stock or the team.	6
No, I mean actual policies. Not self-described image. 	6
There’s no wrong way to do an enema.	6
Housing cost money. Ropes are cheap for those that truly deserve death but, do it quickly not 10, 20 years later.	6
Yea he does I only wish eli could do this	6
